timestamp,open,high,low,close,volume
1640995200,3676.75,3776.52,3673.8,3765.62,36756.844352
1641081600,3765.62,3858.42,3716.9,3828.49,34783.485666
1641168000,3828.01,3851.65,3679.62,3764.88,59748.312263
1641254400,3764.88,3900.01,3713.09,3785.3,70688.090715
1641340800,3785.29,3847.31,3410.0,3539.83,99324.524014
1641427200,3539.78,3550.69,3298.76,3406.24,96361.435722
1641513600,3406.24,3415.72,3056.25,3197.31,213442.432211
1641600000,3197.7,3246.66,3000.0,3080.61,93079.39987
1641686400,3080.18,3210.65,3058.52,3152.06,79964.923522
1641772800,3152.05,3180.94,2933.0,3082.33,183063.849781
1641859200,3082.33,3264.0,3052.48,3238.86,135920.891955
1641945600,3238.88,3412.81,3206.0,3371.34,137510.434619
1642032000,3371.33,3411.73,3233.13,3241.78,99766.068584
1642118400,3241.33,3342.29,3190.94,3307.87,99799.053135
1642204800,3307.97,3371.76,3261.84,3326.33,52209.235533
1642291200,3326.49,3393.25,3273.33,3346.94,50366.125192
1642377600,3347.17,3356.99,3140.15,3209.45,80667.024305
1642464000,3209.45,3244.45,3083.18,3160.23,92161.276887
1642550400,3160.24,3174.96,3047.16,3084.42,112979.003349
1642636800,3084.42,3271.88,2987.07,3001.68,111002.990772
1642723200,3001.68,3033.29,2456.98,2568.8,324212.353984
1642809600,2568.03,2625.38,2298.94,2411.42,391300.892698
1642896000,2411.42,2550.0,2371.0,2539.84,165179.31471
1642982400,2539.84,2540.12,2158.2,2439.75,462148.654267
1643068800,2438.7,2510.0,2350.18,2457.85,170617.117755
1643155200,2457.85,2721.7,2402.4,2462.93,310988.420043
1643241600,2462.92,2520.44,2316.0,2424.69,186731.467241
1643328000,2424.86,2559.11,2358.37,2545.0,146478.801382
1643414400,2545.0,2637.0,2519.84,2600.93,109986.892585
1643500800,2601.35,2640.0,2541.76,2602.18,98698.067896
1643587200,2601.87,2707.0,2476.19,2686.6,126907.658269
1643673600,2686.72,2813.93,2674.0,2788.5,107631.762318
1643760000,2788.2,2811.22,2613.83,2679.8,111082.437679
1643846400,2680.0,2724.8,2576.08,2696.15,109451.247562
1643932800,2695.83,2995.17,2671.42,2994.97,186358.356268
1644019200,2994.53,3060.0,2958.83,3013.46,85376.308373
1644105600,3013.45,3074.65,2952.0,3055.39,55941.948621
1644192000,3055.4,3186.0,2992.85,3139.2,119509.970422
1644278400,3139.21,3232.2,3025.5,3116.0,154112.933341
1644364800,3116.0,3270.0,3054.82,3243.45,92097.600318
1644451200,3243.46,3283.16,3056.01,3072.2,165265.379317
1644537600,3072.32,3138.62,2879.95,2927.41,127726.49971
1644624000,2927.4,2985.0,2858.4,2919.36,80466.706939
1644710400,2919.36,2953.0,2835.17,2871.09,59795.771043
1644796800,2871.1,2965.0,2830.0,2929.8,93720.528631
1644883200,2929.81,3197.4,2913.01,3184.55,92841.455254
1644969600,3184.54,3186.34,3042.34,3122.26,75502.890156
1645056000,3122.26,3159.7,2852.0,2891.77,159895.676411
1645142400,2891.78,2943.0,2752.84,2779.6,120715.086284
1645228800,2779.6,2831.0,2694.21,2763.2,65978.560654
1645315200,2763.21,2764.91,2577.0,2621.99,105556.873535
1645401600,2621.99,2758.87,2559.2,2568.6,188341.796509
1645488000,2568.6,2666.0,2500.0,2636.77,167149.698212
1645574400,2636.92,2752.88,2577.0,2579.81,105170.249187
1645660800,2579.81,2741.06,2302.0,2596.99,386046.912919
1645747200,2597.0,2835.4,2572.69,2767.64,143327.380651
1645833600,2767.65,2878.76,2727.99,2779.0,126090.552547
1645920000,2779.2,2836.49,2557.8,2616.7,154560.344337
1646006400,2616.7,2953.16,2569.2,2921.6,162607.52177
1646092800,2921.6,3034.63,2853.94,2975.26,173175.835623
1646179200,2975.25,3044.6,2913.8,2947.8,116182.435317
1646265600,2947.8,2970.4,2782.7,2833.4,88393.822455
1646352000,2833.67,2836.0,2575.0,2622.03,150487.514537
1646438400,2622.1,2685.0,2589.41,2664.93,43653.64263
1646524800,2664.93,2675.38,2533.6,2550.67,68630.864541
1646611200,2550.68,2649.0,2444.78,2491.41,143407.65161
1646697600,2491.41,2624.33,2480.84,2576.42,109557.198395
1646784000,2576.58,2773.95,2568.0,2727.6,114654.674962
1646870400,2727.59,2733.69,2550.3,2606.4,119924.481505
1646956800,2606.4,2676.81,2522.22,2557.16,85935.972433
1647043200,2557.07,2614.52,2553.71,2568.78,26527.096153
1647129600,2568.77,2602.6,2492.19,2514.8,46114.138381
1647216000,2514.99,2609.96,2498.89,2589.81,64456.621878
1647302400,2589.99,2668.53,2506.55,2618.16,88988.075462
1647388800,2618.06,2788.0,2603.61,2773.73,166637.909428
1647475200,2773.78,2836.89,2747.21,2812.18,78266.329804
1647561600,2812.09,2984.46,2765.41,2938.57,105792.176934
1647648000,2938.56,2985.95,2892.57,2950.53,57785.373462
1647734400,2950.54,2964.0,2818.66,2861.24,78516.367039
1647820800,2861.23,2959.77,2831.39,2889.79,82363.845181
1647907200,2889.77,3053.0,2886.67,2969.51,96760.20729
1647993600,2969.51,3046.0,2920.52,3036.04,80003.957835
1648080000,3036.04,3129.27,3002.0,3111.29,85136.073997
1648166400,3110.94,3193.68,3077.0,3103.07,84310.29823
1648252800,3103.06,3152.0,3085.15,3145.01,28677.657286
1648339200,3145.0,3299.38,3126.46,3296.13,62405.619747
1648425600,3296.09,3429.83,3274.39,3333.24,107662.461627
1648512000,3333.24,3481.0,3330.23,3401.01,90574.743693
1648598400,3401.01,3446.92,3333.0,3385.86,73336.201018
1648684800,3385.86,3444.61,3262.0,3281.78,94914.064004
1648771200,3281.79,3481.4,3211.01,3455.04,89622.7103
1648857600,3455.05,3530.0,3432.59,3443.35,78626.929996
1648944000,3443.36,3579.78,3409.99,3521.89,53825.73085
1649030400,3522.0,3547.16,3407.33,3519.29,63906.955159
1649116800,3519.29,3554.99,3396.0,3406.01,54652.207385
1649203200,3406.17,3407.04,3162.46,3168.72,137627.440671
1649289600,3168.72,3268.67,3143.01,3227.13,75654.982175
1649376000,3227.13,3314.77,3174.0,3192.54,76154.223334
1649462400,3192.13,3268.62,3181.87,3257.99,32822.647063
1649548800,3258.0,3307.39,3191.66,3202.0,45955.350047
1649635200,3202.0,3213.33,2949.0,2980.08,136654.92279
1649721600,2980.07,3084.26,2950.44,3028.04,129929.455694
1649808000,3027.68,3129.0,2998.33,3117.63,85667.746714
1649894400,3117.63,3144.9,2975.13,3021.45,90763.380093
1649980800,3021.45,3062.0,2993.69,3040.01,36973.179625
1650067200,3040.28,3086.45,3010.15,3059.13,28629.297567
1650153600,3059.19,3081.99,2982.48,2987.31,38254.709064
1650240000,2987.3,3069.1,2882.28,3055.3,96079.698273
1650326400,3055.3,3131.09,3029.86,3101.59,50635.051923
1650412800,3101.7,3168.68,3036.74,3076.63,68023.80295
1650499200,3076.18,3180.0,2940.16,2983.13,74398.154623
1650585600,2983.13,3035.48,2934.0,2962.67,58465.700726
1650672000,2962.62,2978.26,2915.01,2932.75,25756.136941
1650758400,2932.76,2967.23,2912.51,2921.46,40553.293156
1650844800,2921.46,3026.49,2794.01,3006.85,107186.892714
1650931200,3006.85,3038.0,2765.4,2809.35,81430.738489
1651017600,2809.35,2919.98,2793.4,2889.2,56190.662415
1651104000,2889.32,2980.55,2854.69,2936.85,68263.981074
1651190400,2936.8,2947.33,2776.62,2817.0,59931.243359
1651276800,2816.73,2842.29,2713.42,2726.53,46337.294228
1651363200,2726.59,2848.51,2715.87,2825.54,47789.284966
1651449600,2824.89,2882.49,2778.61,2856.52,56742.705192
1651536000,2856.52,2861.2,2755.16,2781.17,36160.116891
1651622400,2782.02,2966.32,2771.94,2940.57,104040.527088
1651708800,2940.57,2954.66,2688.0,2747.53,124126.192771
1651795200,2747.53,2757.98,2632.6,2693.18,121173.4382
1651881600,2693.18,2705.0,2587.13,2636.53,66234.086843
1651968000,2636.54,2642.96,2482.33,2519.4,156057.398088
1652054400,2520.08,2531.24,2224.0,2229.53,389973.685876
1652140800,2228.76,2456.77,2200.0,2341.62,281032.461769
1652227200,2342.21,2452.61,2005.0,2085.14,480407.157523
1652313600,2085.21,2194.65,1791.85,1960.11,488715.136508
1652400000,1960.1,2148.0,1940.61,2009.76,174648.511827
1652486400,2009.76,2070.0,1951.82,2055.89,78921.28484
1652572800,2055.71,2167.59,2000.87,2145.6,62565.821065
1652659200,2145.59,2145.59,1978.0,2023.56,115678.438276
1652745600,2023.65,2122.2,2008.47,2091.04,107415.919237
1652832000,2091.05,2110.88,1908.0,1915.22,130898.860895
1652918400,1915.11,2040.0,1903.15,2019.31,112419.306106
1653004800,2019.49,2064.49,1923.0,1959.23,107599.070392
1653091200,1959.04,1991.12,1937.2,1974.89,42614.627685
1653177600,1974.9,2056.93,1966.5,2043.05,63750.24656
1653264000,2043.04,2088.51,1957.0,1973.4,93331.452345
1653350400,1973.47,1993.56,1912.77,1979.5,76628.852548
1653436800,1979.5,2022.0,1934.0,1942.91,90964.434175
1653523200,1942.9,1965.68,1732.73,1791.95,244355.408243
1653609600,1791.86,1821.87,1704.43,1727.43,228357.497357
1653696000,1727.35,1809.0,1722.25,1792.22,81384.20698
1653782400,1792.22,1827.23,1761.77,1813.59,69364.509325
1653868800,1813.62,2012.97,1803.34,1998.8,158026.075181
1653955200,1998.8,2016.0,1924.75,1941.86,110922.754485
1654041600,1941.86,1972.79,1761.56,1818.02,142721.061657
1654128000,1818.02,1853.0,1782.34,1834.46,92629.441089
1654214400,1834.47,1844.0,1736.16,1775.2,87119.768382
1654300800,1775.2,1815.79,1748.5,1804.1,32090.013415
1654387200,1804.4,1830.26,1773.0,1806.07,36550.507912
1654473600,1806.14,1920.74,1804.0,1859.96,101307.114704
1654560000,1859.97,1875.56,1725.8,1813.04,170665.858672
1654646400,1813.24,1840.0,1765.21,1791.56,91957.689419
1654732800,1791.57,1832.87,1777.35,1788.63,48402.148353
1654819200,1788.64,1804.53,1655.55,1662.89,156333.737959
1654905600,1662.89,1681.84,1500.0,1532.96,223472.61482
1654992000,1533.05,1547.57,1424.19,1435.3,221444.223563
1655078400,1435.19,1455.55,1164.4,1209.51,848814.770738
1655164800,1209.82,1269.21,1075.02,1208.89,692524.967046
1655251200,1208.89,1250.0,1012.17,1237.76,893564.115955
1655337600,1237.69,1257.78,1052.0,1068.42,285271.169419
1655424000,1068.43,1118.0,1051.13,1086.59,188253.220211
1655510400,1086.62,1097.65,881.0,995.2,406620.303658
1655596800,995.06,1159.0,936.1,1128.17,489339.875383
1655683200,1128.06,1170.57,1052.56,1128.51,289396.201105
1655769600,1128.5,1193.74,1109.21,1126.1,273990.907137
1655856000,1125.98,1127.4,1043.34,1050.12,237029.489605
1655942400,1050.12,1154.19,1045.0,1144.41,210107.810495
1656028800,1144.27,1245.95,1131.0,1224.85,363510.239735
1656115200,1225.0,1257.0,1180.09,1241.98,242469.438313
1656201600,1241.94,1280.0,1195.0,1198.02,228401.072014
1656288000,1198.02,1239.32,1173.01,1192.31,210207.737024
1656374400,1192.31,1239.85,1136.01,1144.19,295519.300477
1656460800,1144.11,1157.32,1087.0,1100.04,351817.886431
1656547200,1100.08,1106.8,997.51,1071.44,395803.970047
1656633600,1071.43,1117.83,1033.33,1059.53,384116.590187
1656720000,1059.53,1079.11,1028.17,1066.95,159418.841354
1656806400,1066.93,1088.06,1040.49,1074.12,125749.737421
1656892800,1074.12,1161.0,1045.0,1150.94,227418.934836
1656979200,1151.01,1175.0,1076.85,1132.67,264326.359737
1657065600,1132.59,1205.0,1111.51,1186.49,239052.590092
1657152000,1186.48,1253.99,1162.36,1237.25,171136.619776
1657238400,1237.25,1276.8,1193.33,1214.17,230258.156313
1657324800,1213.85,1234.76,1204.39,1217.0,103991.497207
1657411200,1217.02,1220.05,1152.12,1168.42,144096.713831
1657497600,1168.32,1171.2,1091.07,1096.46,140421.419057
1657584000,1096.31,1098.44,1033.25,1038.63,161880.794782
1657670400,1038.52,1119.55,1006.0,1114.9,304708.273297
1657756800,1114.93,1214.58,1071.53,1193.45,234614.699258
1657843200,1193.39,1289.67,1180.56,1231.32,257279.5912
1657929600,1231.32,1434.0,1191.43,1355.93,306662.631492
1658016000,1355.87,1387.53,1317.7,1338.28,222519.460409
1658102400,1338.27,1598.0,1335.54,1581.02,496350.704697
1658188800,1581.22,1632.55,1492.35,1542.44,493099.332316
1658275200,1542.29,1621.0,1484.51,1521.91,382394.404171
1658361600,1521.96,1606.46,1463.2,1575.48,280817.19897
1658448000,1575.49,1646.66,1516.7,1535.36,258222.347051
1658534400,1535.23,1596.67,1488.0,1548.77,209859.507311
1658620800,1548.81,1664.7,1545.74,1597.72,266021.998086
1658707200,1597.92,1609.23,1434.46,1440.93,312706.278098
1658793600,1440.62,1454.0,1355.81,1448.43,268909.065047
1658880000,1448.92,1644.87,1420.72,1636.07,355504.595036
1658966400,1636.08,1784.2,1590.53,1724.53,347915.59158
1659052800,1724.54,1765.34,1656.5,1721.47,265420.521278
1659139200,1721.51,1744.34,1673.53,1696.99,164740.868297
1659225600,1697.0,1754.55,1666.87,1678.5,178768.484281
1659312000,1678.52,1704.35,1606.25,1630.03,167588.052772
1659398400,1630.04,1677.79,1558.94,1630.5,237169.055078
1659484800,1630.67,1684.77,1589.29,1618.59,149560.263992
1659571200,1618.59,1663.0,1580.7,1607.79,141970.659528
1659657600,1607.94,1743.0,1605.08,1736.52,221463.977469
1659744000,1736.48,1750.0,1685.55,1690.52,163480.572581
1659830400,1690.51,1729.54,1668.18,1700.11,104208.267482
1659916800,1700.12,1818.88,1694.21,1777.17,206827.849168
1660003200,1777.07,1791.0,1668.58,1703.25,144198.864088
1660089600,1702.81,1886.0,1656.39,1853.7,276119.719906
1660176000,1853.67,1978.38,1850.55,1880.19,284131.341209
1660262400,1880.2,1964.95,1851.19,1958.43,142519.722002
1660348800,1958.49,2019.3,1946.28,1983.58,141739.075942
1660435200,1983.58,2030.49,1906.66,1935.28,122165.032814
1660521600,1935.45,2013.95,1872.68,1898.86,159539.695125
1660608000,1898.77,1914.9,1852.55,1876.76,133187.754545
1660694400,1876.77,1957.23,1819.15,1833.92,221506.240742
1660780800,1834.1,1882.05,1822.0,1846.25,135539.024161
1660867200,1846.25,1848.16,1603.0,1608.83,347494.385842
1660953600,1608.9,1657.08,1523.29,1575.73,198881.61023
1661040000,1575.73,1647.0,1562.39,1618.12,165495.936466
1661126400,1618.13,1629.28,1530.09,1624.75,199690.392301
1661212800,1624.76,1677.73,1563.6,1665.47,179527.141711
1661299200,1665.48,1693.8,1605.5,1656.65,148423.485095
1661385600,1656.66,1723.0,1654.0,1695.01,115459.022022
1661472000,1695.01,1705.88,1486.6,1508.35,338532.300364
1661558400,1508.2,1518.69,1447.0,1490.92,200940.212204
1661644800,1491.16,1511.67,1423.9,1426.78,137632.354522
1661731200,1426.74,1559.94,1422.33,1552.0,182967.574193
1661817600,1551.98,1607.0,1473.67,1524.2,252831.308672
1661904000,1524.34,1619.8,1524.17,1554.36,248818.180232
1661990400,1554.21,1599.29,1513.2,1585.92,181301.010353
1662076800,1586.06,1648.88,1546.65,1575.35,185992.225101
1662163200,1575.35,1582.42,1534.44,1557.32,76811.550145
1662249600,1557.33,1583.85,1540.59,1579.37,64186.818899
1662336000,1579.37,1632.15,1557.63,1617.42,99982.975212
1662422400,1617.43,1686.86,1553.0,1558.86,245022.26983
1662508800,1558.86,1658.0,1485.51,1629.77,228296.808224
1662595200,1629.5,1664.78,1595.05,1635.19,172950.542402
1662681600,1635.35,1747.27,1630.58,1718.29,189109.270429
1662768000,1718.28,1789.31,1706.53,1773.8,83421.616092
1662854400,1773.79,1789.36,1721.0,1766.33,70921.127556
1662940800,1766.26,1783.4,1693.23,1716.7,144753.156965
1663027200,1716.69,1760.78,1560.24,1574.55,252075.495878
1663113600,1574.54,1647.25,1552.62,1639.54,140509.950573
1663200000,1639.54,1655.28,1453.12,1472.43,401760.88188
1663286400,1472.62,1482.85,1405.22,1434.2,176998.860711
1663372800,1433.97,1476.19,1409.14,1468.53,90163.377204
1663459200,1468.53,1469.82,1322.62,1334.46,172727.251341
1663545600,1334.46,1393.24,1280.0,1375.78,212063.319707
1663632000,1375.72,1384.67,1312.63,1323.02,140303.479897
1663718400,1323.02,1413.51,1218.73,1245.52,323044.838857
1663804800,1245.51,1348.88,1237.12,1326.32,201632.631624
1663891200,1326.32,1359.96,1261.6,1327.0,185098.76513
1663977600,1327.01,1349.24,1306.61,1317.02,89758.427041
1664064000,1317.02,1337.38,1268.97,1294.77,77286.647954
1664150400,1294.61,1340.33,1278.34,1336.24,161432.830097
1664236800,1336.18,1400.23,1303.58,1328.14,169631.536856
1664323200,1328.1,1355.67,1252.39,1337.14,190279.295726
1664409600,1337.06,1352.21,1288.21,1335.57,123406.712315
1664496000,1335.58,1373.66,1314.05,1328.84,165399.941138
1664582400,1328.84,1333.76,1302.93,1311.82,52525.360718
1664668800,1311.82,1317.8,1268.42,1276.55,91370.529218
1664755200,1276.7,1329.71,1262.68,1322.91,84406.895191
1664841600,1323.06,1369.92,1318.67,1361.36,98253.342328
1664928000,1361.37,1364.84,1316.28,1352.72,75552.708832
1665014400,1352.52,1383.73,1345.0,1352.1,108018.512992
1665100800,1352.11,1361.48,1317.25,1330.98,86554.478803
1665187200,1330.99,1337.53,1303.63,1315.41,41544.296265
1665273600,1315.45,1329.37,1307.38,1323.22,41698.548065
1665360000,1323.22,1338.0,1287.0,1289.92,76567.026604
1665446400,1289.92,1298.0,1266.6,1280.05,98635.105746
1665532800,1280.12,1306.63,1275.05,1294.6,53388.475051
1665619200,1294.49,1301.0,1184.36,1286.89,239181.961437
1665705600,1286.92,1343.17,1283.3,1296.47,116128.333476
1665792000,1296.29,1301.74,1263.44,1274.99,51385.662971
1665878400,1274.99,1315.38,1274.62,1305.89,42513.901562
1665964800,1305.89,1338.78,1295.36,1331.52,75787.067107
1666051200,1331.52,1341.89,1286.93,1310.75,79449.648125
1666137600,1310.68,1313.51,1280.0,1285.2,60979.843298
1666224000,1285.2,1311.0,1270.23,1282.85,69603.372679
1666310400,1282.84,1307.0,1252.06,1299.63,79561.187376
1666396800,1299.64,1320.0,1294.29,1313.72,37142.965025
1666483200,1313.72,1371.57,1299.85,1364.09,79207.788167
1666569600,1364.1,1370.61,1323.79,1343.7,99932.73795
1666656000,1343.67,1546.0,1334.9,1459.84,339286.608172
1666742400,1459.84,1595.23,1457.5,1565.97,311855.461639
1666828800,1566.11,1580.0,1502.76,1514.0,248690.662134
1666915200,1513.99,1576.38,1478.16,1554.49,202290.089202
1667001600,1554.48,1664.61,1547.61,1619.68,247553.836585
1667088000,1619.75,1639.99,1576.29,1590.48,127006.251674
1667174400,1590.49,1635.41,1545.34,1572.89,205714.265895
1667260800,1572.89,1614.45,1563.31,1578.5,127569.892663
1667347200,1578.5,1621.0,1502.22,1518.56,250837.561569
1667433600,1518.55,1558.69,1515.18,1531.0,124004.010028
1667520000,1531.01,1678.0,1528.46,1644.79,214418.913574
1667606400,1644.8,1667.0,1621.54,1626.92,68930.685324
1667692800,1627.05,1639.03,1562.35,1568.3,81650.804997
1667779200,1568.3,1608.44,1546.3,1567.9,109826.921021
1667865600,1568.06,1579.13,1206.0,1334.38,707563.856696
1667952000,1334.35,1337.16,1071.9,1102.8,539002.673763
1668038400,1102.79,1350.0,1085.79,1299.31,451568.454647
1668124800,1299.31,1309.99,1201.0,1288.51,304098.711123
1668211200,1288.68,1292.18,1238.74,1257.54,130578.11343
1668297600,1257.54,1274.39,1200.0,1221.91,118374.869888
1668384000,1221.78,1290.73,1171.16,1243.5,227366.542436
1668470400,1243.49,1289.99,1234.17,1253.49,152970.384267
1668556800,1253.44,1268.55,1186.62,1216.5,142298.888753
1668643200,1216.56,1228.91,1181.81,1200.72,112307.600839
1668729600,1200.73,1234.23,1199.07,1212.68,86006.804861
1668816000,1212.69,1233.59,1198.0,1217.75,46921.473221
1668902400,1217.75,1226.46,1132.87,1142.64,159480.411767
1668988800,1142.55,1147.63,1080.0,1107.3,221865.308023
1669075200,1107.91,1142.45,1073.35,1139.33,139648.321173
1669161600,1139.68,1190.1,1127.56,1184.43,149992.067172
1669248000,1184.44,1217.12,1180.25,1203.89,101696.006122
1669334400,1203.89,1209.26,1170.0,1198.98,87974.848894
1669420800,1198.98,1235.0,1196.1,1205.78,79105.900479
1669507200,1205.73,1223.21,1188.27,1194.22,62341.778278
1669593600,1193.87,1199.46,1151.08,1168.03,98247.241655
1669680000,1168.04,1228.0,1158.0,1216.62,115661.509224
1669766400,1216.63,1315.0,1212.33,1294.83,162607.775238
1669852800,1294.85,1300.0,1263.03,1276.51,93784.82866
1669939200,1276.47,1297.41,1265.4,1295.3,81604.766789
1670025600,1295.3,1312.4,1236.19,1240.51,81716.07823
1670112000,1240.78,1287.0,1240.41,1279.49,67151.135279
1670198400,1279.52,1305.45,1246.9,1259.64,111465.372283
1670284800,1259.68,1274.86,1241.31,1271.44,60144.261302
1670371200,1271.41,1278.44,1217.35,1231.28,114026.807176
1670457600,1231.21,1294.0,1222.09,1280.31,114244.278962
1670544000,1280.31,1298.0,1255.79,1263.01,93858.805701
1670630400,1262.95,1283.92,1259.35,1266.69,36352.104749
1670716800,1266.7,1284.98,1255.72,1263.37,37429.439877
1670803200,1263.28,1279.0,1240.2,1275.47,75374.627138
1670889600,1275.47,1356.0,1254.97,1321.16,194526.594693
1670976000,1321.17,1353.33,1301.0,1308.24,152204.375479
1671062400,1308.12,1311.67,1259.57,1266.88,126657.59257
1671148800,1266.91,1279.92,1155.71,1166.93,241566.88358
1671235200,1166.83,1190.0,1162.03,1186.93,71423.164179
1671321600,1186.93,1194.6,1175.01,1182.89,19615.271103
1671408000,1182.9,1194.76,1150.29,1167.9,83305.370499
1671494400,1167.88,1231.72,1163.29,1217.04,119032.445012
1671580800,1216.93,1223.56,1203.49,1213.82,56204.139387
1671667200,1213.8,1238.69,1183.06,1217.86,108692.807338
1671753600,1217.86,1232.49,1212.0,1220.13,74416.788458
1671840000,1220.14,1227.99,1214.74,1220.75,32200.479111
1671926400,1220.75,1225.99,1190.0,1218.54,80342.119034
1672012800,1218.55,1231.38,1211.23,1227.99,34593.246339
1672099200,1228.13,1233.62,1201.0,1211.75,66836.192487
1672185600,1211.75,1215.99,1180.6,1190.37,102674.581334
1672272000,1190.32,1207.1,1187.14,1200.7,65754.888091
1672358400,1200.61,1202.27,1181.57,1200.06,59232.521445
1672444800,1200.02,1208.87,1191.7,1196.32,36183.982069
1672531200,1196.39,1204.7,1191.27,1200.43,26631.663177
1672617600,1200.27,1224.64,1192.9,1214.0,75316.112867
1672704000,1214.0,1220.0,1204.98,1214.51,37567.055613
1672790400,1214.51,1273.55,1212.73,1256.73,175177.683886
1672876800,1256.74,1259.98,1243.0,1251.34,58564.62865
1672963200,1251.41,1276.99,1235.08,1269.04,106294.068062
1673049600,1269.05,1271.08,1261.31,1264.04,28293.020448
1673136000,1264.08,1297.17,1257.8,1290.09,69904.098276
1673222400,1290.0,1344.61,1284.63,1320.43,196757.728677
1673308800,1320.4,1347.18,1317.0,1335.37,106713.474595
1673395200,1335.38,1405.0,1321.0,1389.66,140048.876683
1673481600,1389.52,1438.98,1356.25,1415.77,309380.132472
1673568000,1415.76,1464.88,1400.73,1450.99,118822.956701
1673654400,1451.0,1640.68,1449.38,1549.66,332284.811278
1673740800,1549.43,1567.3,1516.11,1552.32,99280.310148
1673827200,1552.52,1607.29,1521.24,1576.44,141801.182577
1673913600,1576.64,1609.7,1538.64,1565.19,122910.052973
1674000000,1565.35,1609.37,1497.92,1511.26,232270.152087
1674086400,1511.28,1564.57,1509.48,1551.18,95223.62799
1674172800,1551.19,1674.34,1541.92,1658.24,160495.197943
1674259200,1658.24,1680.0,1612.33,1626.75,172813.739668
1674345600,1626.99,1664.71,1602.97,1627.45,119135.816316
1674432000,1627.5,1648.44,1583.85,1626.25,115288.650226
1674518400,1626.41,1641.58,1525.52,1556.06,153279.228988
1674604800,1555.96,1640.02,1512.8,1611.28,197075.385781
1674691200,1611.7,1632.96,1576.71,1600.99,133933.838392
1674777600,1601.03,1621.59,1552.19,1597.43,119652.690201
1674864000,1597.39,1606.37,1555.19,1572.34,57542.622486
1674950400,1572.33,1662.41,1566.41,1644.72,144095.33098
1675036800,1644.69,1647.37,1530.01,1566.02,174345.944876
1675123200,1566.1,1606.0,1561.77,1585.23,89904.098091
1675209600,1585.24,1648.0,1555.0,1641.59,129460.737007
1675296000,1641.75,1717.77,1626.0,1642.92,187459.80992
1675382400,1643.34,1676.06,1625.77,1663.51,136445.17056
1675468800,1663.51,1695.0,1645.3,1666.5,78418.756244
1675555200,1666.49,1673.96,1608.45,1629.21,122398.259513
1675641600,1629.21,1658.65,1604.8,1614.59,93939.049935
1675728000,1614.37,1678.28,1613.17,1670.62,117589.995272
1675814400,1670.61,1697.99,1630.89,1650.46,108804.230823
1675900800,1650.44,1656.03,1520.49,1545.33,208940.712253
1675987200,1545.34,1554.86,1486.24,1513.18,163812.080195
1676073600,1513.19,1544.27,1504.55,1538.93,59413.47243
1676160000,1538.67,1548.0,1493.0,1515.21,65689.569423
1676246400,1515.2,1526.44,1461.0,1505.4,180867.246437
1676332800,1505.56,1568.82,1478.0,1555.61,192354.489592
1676419200,1555.61,1683.18,1542.17,1674.91,207777.855213
1676505600,1674.91,1742.47,1633.93,1637.83,208941.445578
1676592000,1637.95,1722.02,1630.95,1693.67,135270.977235
1676678400,1693.68,1714.05,1679.02,1691.55,52409.133053
1676764800,1691.55,1727.0,1666.26,1680.13,83453.83445
1676851200,1680.28,1719.54,1650.66,1703.43,85637.773803
1676937600,1703.39,1716.55,1635.01,1659.2,102589.389005
1677024000,1659.52,1667.13,1593.71,1643.2,133173.170205
1677110400,1643.06,1678.63,1628.78,1650.33,102809.078653
1677196800,1650.29,1664.34,1573.7,1607.73,142787.72062
1677283200,1607.73,1609.0,1557.04,1594.73,68791.420004
1677369600,1594.6,1652.0,1587.95,1641.47,59366.577517
1677456000,1641.26,1665.07,1607.48,1633.59,88938.353238
1677542400,1633.47,1649.51,1596.8,1605.37,68043.415292
1677628800,1605.5,1671.28,1593.45,1664.96,97848.794194
1677715200,1664.96,1677.85,1618.3,1647.98,97777.122521
1677801600,1647.99,1649.08,1520.01,1569.29,209525.939541
1677888000,1569.3,1577.33,1549.38,1566.81,46971.063485
1677974400,1566.82,1588.93,1553.22,1564.49,57413.97433
1678060800,1564.67,1583.36,1554.68,1565.79,57882.03687
1678147200,1565.78,1584.21,1532.56,1562.57,103809.802541
1678233600,1561.97,1570.64,1520.97,1532.66,90062.377907
1678320000,1532.56,1546.39,1406.3,1437.53,182737.146158
1678406400,1437.41,1438.33,1368.0,1426.56,327888.890138
1678492800,1426.56,1477.77,1407.83,1471.67,398008.975014
1678579200,1471.67,1595.0,1448.71,1579.71,221044.776206
1678665600,1579.71,1698.0,1565.18,1674.26,319361.926914
1678752000,1673.94,1778.39,1655.86,1699.4,318853.873992
1678838400,1699.38,1717.0,1610.9,1650.05,230952.612925
1678924800,1650.06,1692.67,1632.12,1673.54,143294.192345
1679011200,1673.55,1800.0,1662.51,1789.66,185672.64779
1679097600,1789.65,1843.14,1746.46,1758.8,171907.933732
1679184000,1758.81,1841.0,1758.12,1781.08,125835.530382
1679270400,1781.12,1803.29,1723.33,1732.52,158033.011443
1679356800,1732.5,1835.58,1717.59,1801.53,146644.739882
1679443200,1801.28,1819.5,1710.59,1734.31,192948.473076
1679529600,1734.4,1857.92,1729.27,1813.59,199306.877832
1679616000,1813.63,1818.65,1720.0,1749.9,207853.392653
1679702400,1749.93,1763.37,1713.6,1742.25,63668.801194
1679788800,1741.99,1802.0,1739.38,1774.09,112820.718837
1679875200,1773.83,1780.39,1686.28,1715.08,141879.011719
1679961600,1715.41,1795.92,1701.35,1772.61,107215.394714
1680048000,1773.01,1827.5,1772.4,1793.18,118301.42557
1680134400,1792.96,1829.78,1762.9,1793.53,157626.216015
1680220800,1793.49,1846.75,1780.0,1821.71,127462.760745
1680307200,1821.68,1842.84,1808.05,1820.78,52845.065303
1680393600,1820.77,1824.99,1772.02,1794.57,62989.785821
1680480000,1794.57,1840.0,1763.05,1810.29,121068.123492
1680566400,1810.14,1892.27,1802.17,1870.34,182272.019041
1680652800,1870.42,1945.94,1864.54,1908.48,145570.148103
1680739200,1908.48,1909.68,1854.17,1872.6,84788.324087
1680825600,1872.6,1882.69,1840.38,1864.01,67287.896536
1680912000,1864.02,1880.18,1847.08,1848.85,52382.415501
1680998400,1848.85,1873.32,1822.5,1858.74,85217.375515
1681084800,1858.77,1919.0,1846.84,1910.12,93290.720196
1681171200,1910.13,1937.64,1881.41,1889.87,84420.569427
1681257600,1889.91,1932.44,1851.27,1917.6,143483.96182
1681344000,1917.61,2023.0,1899.75,2011.69,165770.2687
1681430400,2011.81,2157.51,2008.78,2099.25,235340.189082
1681516800,2099.39,2111.54,2069.05,2090.64,60642.657669
1681603200,2090.65,2144.67,2072.33,2118.81,71996.821266
1681689600,2118.72,2120.24,2056.68,2074.61,91564.566915
1681776000,2074.62,2124.66,2050.52,2103.64,78517.551246
1681862400,2103.85,2104.58,1917.94,1934.18,278380.509776
1681948800,1934.14,1983.49,1913.0,1942.65,150287.199233
1682035200,1942.66,1956.79,1823.99,1848.93,214548.257429
1682121600,1848.94,1887.75,1841.42,1873.94,79997.478095
1682208000,1873.95,1882.68,1836.64,1861.98,59757.061396
1682294400,1861.98,1889.99,1805.45,1842.09,136234.214323
1682380800,1842.23,1877.0,1800.18,1866.19,104701.930012
1682467200,1866.19,1965.0,1783.28,1865.93,339363.307442
1682553600,1866.22,1939.88,1860.94,1908.4,192699.969469
1682640000,1908.41,1923.62,1875.0,1890.91,68084.578138
1682726400,1890.91,1917.66,1883.0,1907.81,36937.551741
1682812800,1907.8,1939.42,1865.51,1869.67,67590.983679
1682899200,1869.93,1886.5,1806.5,1830.43,147129.639955
1682985600,1830.79,1880.0,1822.88,1869.75,118182.931668
1683072000,1869.76,1916.58,1842.78,1905.0,89840.433127
1683158400,1905.0,1918.43,1866.66,1877.36,55954.733806
1683244800,1877.36,2014.34,1875.95,1993.19,149062.087407
1683331200,1993.18,2019.0,1852.08,1896.16,184163.996383
1683417600,1896.18,1933.2,1866.34,1869.99,124111.296796
1683504000,1870.0,1883.83,1810.76,1847.28,167366.645833
1683590400,1847.28,1861.83,1830.73,1846.73,64680.425094
1683676800,1846.77,1887.56,1786.01,1841.1,229568.804871
1683763200,1841.1,1841.7,1770.11,1794.38,126335.480772
1683849600,1794.45,1816.76,1737.06,1807.37,137857.026357
1683936000,1807.37,1816.62,1785.26,1795.2,48672.561207
1684022400,1795.22,1824.27,1790.01,1799.15,61608.105472
1684108800,1799.08,1847.94,1784.6,1816.21,104189.244358
1684195200,1816.09,1832.73,1796.45,1824.3,65234.525828
1684281600,1824.31,1837.37,1783.0,1822.29,81114.408587
1684368000,1822.31,1832.0,1771.11,1800.75,76495.49616
1684454400,1800.75,1829.84,1796.93,1812.4,49196.06267
1684540800,1812.44,1828.8,1807.04,1819.46,22711.899487
1684627200,1819.32,1829.28,1797.76,1805.0,34693.356965
1684713600,1805.01,1828.0,1792.0,1817.43,49358.65098
1684800000,1817.45,1879.78,1815.06,1854.16,107490.408001
1684886400,1854.16,1854.36,1775.16,1800.01,100723.868932
1684972800,1800.0,1819.0,1758.94,1805.44,79485.512675
1685059200,1805.44,1838.0,1796.57,1827.39,59449.105754
1685145600,1827.38,1836.11,1812.32,1829.7,23778.693575
1685232000,1829.7,1934.34,1823.15,1909.29,93522.332712
1685318400,1909.16,1928.13,1873.68,1892.64,64458.421071
1685404800,1892.64,1916.78,1881.28,1901.05,40958.496964
1685491200,1901.06,1907.49,1845.35,1873.51,83086.209488
1685577600,1873.52,1890.0,1838.0,1861.6,64468.814434
1685664000,1861.55,1911.16,1847.24,1906.34,66614.53503
1685750400,1906.35,1907.56,1881.46,1892.1,32091.943064
1685836800,1892.02,1914.3,1883.94,1889.76,33945.666955
1685923200,1889.65,1890.68,1773.84,1810.31,171127.37835
1686009600,1810.41,1898.8,1797.21,1883.96,109269.521694
1686096000,1884.01,1897.43,1821.0,1832.12,90691.87715
1686182400,1832.12,1861.31,1828.23,1845.89,37042.952637
1686268800,1845.79,1855.34,1826.27,1840.75,51837.067602
1686355200,1840.76,1845.51,1713.71,1751.59,206814.83972
1686441600,1751.59,1778.31,1738.81,1752.82,48319.314142
1686528000,1752.82,1759.09,1720.03,1742.58,72389.035114
1686614400,1742.75,1767.23,1724.55,1740.27,93160.050432
1686700800,1740.27,1750.0,1621.86,1651.08,157624.058182
1686787200,1651.07,1681.0,1626.67,1666.5,137244.776353
1686873600,1666.49,1729.46,1650.0,1717.7,102844.125643
1686960000,1717.7,1777.0,1714.04,1727.67,121882.629021
1687046400,1727.67,1748.0,1712.69,1721.14,45264.357251
1687132800,1721.2,1752.44,1700.0,1736.93,63984.473795
1687219200,1736.93,1797.5,1714.78,1791.94,98923.247838
1687305600,1791.94,1902.36,1787.27,1889.26,198373.798313
1687392000,1889.07,1933.31,1866.45,1871.99,99234.297262
1687478400,1871.99,1937.15,1861.5,1892.68,116066.739405
1687564800,1892.68,1906.66,1864.36,1874.91,55257.761033
1687651200,1875.04,1930.0,1868.66,1898.85,89512.601468
1687737600,1898.87,1909.0,1836.59,1858.84,122965.875755
1687824000,1858.82,1912.23,1855.23,1889.61,84656.674293
1687910400,1889.61,1890.2,1816.15,1828.14,102086.227783
1687996800,1828.14,1880.37,1828.01,1852.4,67434.928436
1688083200,1852.4,1946.86,1823.7,1933.6,255434.59617
1688169600,1933.69,1944.62,1910.0,1924.3,56809.194366
1688256000,1924.31,1963.95,1884.59,1937.61,107358.233312
1688342400,1937.61,1976.6,1933.71,1955.54,102828.792379
1688428800,1955.55,1967.18,1931.26,1935.96,64707.028885
1688515200,1935.97,1942.26,1893.37,1910.28,65408.445936
1688601600,1910.44,1957.85,1846.07,1846.07,141675.225752
1688688000,1846.31,1877.93,1825.2,1871.0,73697.609286
1688774400,1871.0,1873.22,1842.58,1865.23,32607.163801
1688860800,1865.23,1879.45,1856.44,1862.71,37561.762707
1688947200,1862.71,1905.44,1846.76,1880.4,73547.713416
1689033600,1880.4,1892.0,1862.5,1878.31,55552.073574
1689120000,1878.31,1901.57,1864.39,1871.91,73422.366979
1689206400,1871.91,2013.99,1863.0,2004.29,214514.351493
1689292800,2004.29,2029.07,1897.38,1937.5,149646.802627
1689379200,1937.58,1946.2,1926.0,1931.0,41863.425685
1689465600,1931.0,1943.2,1913.47,1922.24,46693.605786
1689552000,1922.24,1936.02,1873.21,1911.17,84583.361651
1689638400,1911.18,1917.19,1875.43,1897.46,68588.892063
1689724800,1897.47,1923.42,1882.35,1888.51,62596.898352
1689811200,1888.51,1928.82,1878.04,1891.59,78141.792374
1689897600,1891.62,1905.8,1884.98,1891.76,36208.709565
1689984000,1891.75,1897.25,1846.88,1866.12,61724.652226
1690070400,1866.12,1905.25,1858.18,1888.7,46653.653703
1690156800,1888.61,1891.0,1831.1,1849.84,71720.652664
1690243200,1849.84,1868.58,1845.52,1857.75,28306.942374
1690329600,1857.75,1887.74,1848.5,1872.03,65668.870499
1690416000,1872.03,1886.0,1855.2,1861.45,50903.206601
1690502400,1861.45,1883.76,1856.8,1874.0,28695.164668
1690588800,1874.0,1886.6,1869.68,1880.39,14096.214634
1690675200,1880.4,1885.0,1849.0,1861.88,39532.724842
1690761600,1861.9,1877.48,1851.4,1856.63,35751.682882
1690848000,1856.64,1875.93,1810.0,1873.58,110917.878594
1690934400,1873.57,1879.44,1820.0,1840.04,73544.974403
1691020800,1840.03,1859.3,1826.25,1836.04,42532.776971
1691107200,1836.05,1851.21,1815.14,1830.2,47991.531333
1691193600,1830.21,1839.0,1827.82,1836.51,18229.447622
1691280000,1836.51,1838.49,1826.15,1830.46,22622.255808
1691366400,1830.47,1847.17,1802.3,1829.29,76337.182524
1691452800,1829.29,1876.57,1826.33,1856.14,68222.78047
1691539200,1856.14,1871.59,1846.27,1855.42,38719.3095
1691625600,1855.42,1865.84,1846.05,1852.49,26319.427221
1691712000,1852.49,1857.68,1838.43,1848.2,30247.446584
1691798400,1848.2,1853.75,1846.39,1850.0,15969.71311
1691884800,1850.0,1861.85,1835.0,1840.91,26896.47715
1691971200,1840.9,1856.59,1835.17,1845.8,32649.790391
1692057600,1845.8,1847.45,1813.24,1829.14,51828.766846
1692144000,1829.2,1832.0,1797.54,1807.79,63832.891061
1692230400,1807.79,1810.1,1470.53,1680.97,394466.347709
1692316800,1680.97,1698.4,1638.26,1661.78,160208.116945
1692403200,1661.8,1697.97,1655.0,1670.17,110367.919741
1692489600,1670.17,1694.56,1662.2,1685.2,49097.202145
1692576000,1685.2,1688.62,1648.76,1667.75,56237.484905
1692662400,1667.75,1669.4,1576.69,1635.21,114999.524288
1692748800,1635.21,1703.0,1629.78,1679.29,123192.589803
1692835200,1679.29,1683.33,1635.0,1661.18,57137.702163
1692921600,1661.18,1677.98,1635.62,1653.99,68617.255934
1693008000,1654.0,1655.55,1644.27,1647.24,14563.749304
1693094400,1647.24,1660.16,1646.4,1658.34,16085.054233
1693180800,1658.34,1664.32,1618.91,1653.23,66469.067207
1693267200,1653.24,1746.68,1640.34,1729.46,191076.028835
1693353600,1729.04,1730.92,1694.83,1705.5,52216.921484
1693440000,1705.5,1729.64,1628.68,1645.81,126378.844695
1693526400,1646.0,1654.52,1602.07,1629.11,87476.571079
1693612800,1629.12,1645.21,1628.01,1637.34,31072.699519
1693699200,1637.35,1648.45,1625.23,1635.93,35597.253444
1693785600,1635.99,1644.83,1616.32,1630.68,46891.296962
1693872000,1630.67,1648.11,1609.92,1634.47,54428.742486
1693958400,1634.48,1672.19,1608.75,1632.93,81843.893071
1694044800,1632.92,1660.55,1623.73,1648.12,74868.03263
1694131200,1648.11,1659.09,1616.58,1636.52,71695.485948
1694217600,1636.53,1637.54,1630.09,1636.01,14997.16789
1694304000,1636.02,1636.02,1592.6,1617.24,70447.847399
1694390400,1617.24,1618.95,1531.0,1552.0,154348.254281
1694476800,1552.0,1626.51,1549.8,1592.96,121319.448594
1694563200,1593.18,1619.0,1581.58,1607.63,75595.684836
1694649600,1607.64,1644.47,1607.0,1626.48,73424.570052
1694736000,1626.48,1654.2,1611.21,1641.36,62450.06011
1694822400,1641.37,1652.27,1631.26,1634.3,30304.970906
1694908800,1634.3,1635.21,1611.6,1622.64,42204.347619
1694995200,1622.64,1669.0,1601.65,1637.0,95140.034313
1695081600,1636.91,1661.04,1626.58,1643.3,57180.141657
1695168000,1643.3,1649.53,1604.24,1622.0,88085.974159
1695254400,1621.98,1625.37,1567.44,1583.97,95590.733408
1695340800,1583.98,1602.68,1576.58,1593.09,34143.924518
1695427200,1593.09,1598.0,1587.72,1593.79,14549.141857
1695513600,1593.79,1601.4,1569.57,1580.46,34817.730557
1695600000,1580.65,1597.78,1562.98,1588.16,62496.051326
1695686400,1588.17,1599.29,1580.23,1593.75,36643.190044
1695772800,1593.75,1634.37,1583.19,1598.55,89309.123904
1695859200,1598.56,1668.49,1598.05,1652.82,146234.136674
1695945600,1652.83,1688.0,1648.46,1667.47,112137.55225
1696032000,1667.47,1694.42,1663.88,1670.88,43085.324258
1696118400,1670.88,1785.0,1668.13,1733.67,87292.707482
1696204800,1733.68,1744.67,1632.8,1662.58,137703.599611
1696291200,1662.59,1670.3,1643.19,1656.91,38416.802239
1696377600,1656.91,1657.88,1618.0,1646.98,60951.421166
1696464000,1646.72,1655.21,1605.8,1611.78,70138.658649
1696550400,1611.82,1662.99,1611.7,1645.21,59222.292385
1696636800,1645.21,1648.11,1630.0,1634.11,22663.190905
1696723200,1634.11,1641.61,1616.42,1632.78,33253.567365
1696809600,1632.79,1636.27,1544.14,1579.75,191578.103279
1696896000,1579.75,1594.73,1549.25,1567.76,111868.633272
1696982400,1567.76,1578.56,1543.2,1566.99,85367.052634
1697068800,1567.0,1568.8,1518.32,1539.75,103903.569862
1697155200,1539.76,1576.37,1537.64,1552.26,64744.047386
1697241600,1552.23,1562.47,1544.54,1554.73,23021.70384
1697328000,1554.74,1566.88,1548.05,1557.56,28454.903351
1697414400,1557.56,1644.46,1555.2,1599.67,202277.995429
1697500800,1599.68,1600.57,1550.1,1564.62,60310.956479
1697587200,1564.63,1585.88,1555.98,1563.35,61367.008551
1697673600,1563.35,1574.76,1541.33,1566.7,64808.19264
1697760000,1566.7,1630.77,1561.26,1604.0,95362.159937
1697846400,1604.0,1644.59,1592.14,1628.8,51114.131261
1697932800,1628.81,1668.0,1621.0,1663.58,77647.602002
1698019200,1663.58,1804.44,1657.16,1765.63,261142.989469
1698105600,1765.66,1854.73,1756.28,1785.16,263572.410847
1698192000,1785.16,1819.2,1759.75,1787.11,130700.256523
1698278400,1787.12,1868.0,1761.0,1803.38,195206.056862
1698364800,1803.38,1803.88,1741.27,1779.46,111405.160651
1698451200,1779.46,1803.22,1769.31,1776.11,50072.376376
1698537600,1776.26,1812.23,1762.49,1795.1,58776.356437
1698624000,1795.17,1831.32,1778.0,1808.95,111595.259017
1698710400,1808.95,1819.47,1781.15,1814.9,97345.922229
1698796800,1814.48,1858.71,1783.15,1846.66,165007.796317
1698883200,1846.73,1874.3,1784.21,1800.82,148141.433881
1698969600,1800.83,1834.34,1776.47,1832.45,122170.110425
1699056000,1832.61,1870.0,1823.9,1855.6,88002.304294
1699142400,1855.61,1913.98,1846.35,1892.16,166643.108484
1699228800,1891.71,1914.6,1869.0,1900.98,152390.602556
1699315200,1900.98,1906.99,1850.2,1885.29,144723.452064
1699401600,1885.29,1904.68,1872.76,1888.47,91174.274124
1699488000,1888.39,2131.41,1882.28,2121.01,498888.967528
1699574400,2121.1,2136.68,2065.24,2077.96,215572.476177
1699660800,2077.96,2089.8,2026.66,2053.17,146212.834047
1699747200,2053.18,2066.8,2011.4,2044.71,86000.816616
1699833600,2044.71,2117.85,2028.41,2053.7,224401.960516
1699920000,2053.7,2064.65,1912.5,1979.4,210365.367992
1700006400,1979.45,2062.48,1967.05,2058.62,186524.146846
1700092800,2058.63,2091.0,1938.42,1961.86,234323.716479
1700179200,1961.86,1991.36,1904.78,1960.61,190953.521313
1700265600,1960.62,1971.05,1916.62,1962.58,137008.857139
1700352000,1962.59,2015.31,1943.21,2011.44,108310.489028
1700438400,2011.46,2066.99,1986.31,2021.42,219936.711233
1700524800,2021.41,2034.93,1930.0,1933.26,268739.982623
1700611200,1932.83,2092.14,1928.74,2063.26,260246.391853
1700697600,2063.26,2088.74,2038.11,2062.04,125927.46158
1700784000,2062.26,2134.3,2058.89,2080.83,223361.187718
1700870400,2080.86,2090.44,2065.68,2082.99,61369.644738
1700956800,2083.0,2094.59,2036.24,2062.47,143926.321837
1701043200,2062.48,2071.22,1985.72,2027.58,182252.017152
1701129600,2027.59,2075.15,1995.26,2048.24,132729.531215
1701216000,2048.25,2076.54,2018.64,2028.81,92526.814216
1701302400,2028.8,2054.77,2020.6,2052.03,75630.657544
1701388800,2052.04,2111.6,2045.0,2087.41,184140.557371
1701475200,2087.41,2195.55,2086.0,2164.81,145887.758252
1701561600,2164.85,2220.0,2150.0,2193.2,123912.42374
1701648000,2193.2,2275.6,2191.41,2243.17,265221.428331
1701734400,2243.18,2309.75,2187.98,2293.39,257524.182172
1701820800,2293.52,2312.0,2219.0,2232.62,161676.83617
1701907200,2233.04,2383.0,2222.0,2355.55,177542.355981
1701993600,2355.55,2392.68,2335.75,2358.93,138886.387559
1702080000,2358.94,2402.56,2329.0,2340.87,108623.272182
1702166400,2340.87,2377.49,2322.08,2352.27,61830.945545
1702252800,2352.4,2355.04,2121.01,2224.82,302049.51882
1702339200,2224.9,2244.11,2165.0,2203.38,146604.271801
1702425600,2203.39,2284.6,2145.27,2259.69,179759.669243
1702512000,2259.7,2332.0,2226.66,2315.18,196607.649285
1702598400,2315.19,2317.71,2192.0,2220.64,146313.860254
1702684800,2220.79,2263.33,2210.2,2228.95,70598.844394
1702771200,2228.94,2248.93,2190.52,2196.59,78726.142934
1702857600,2196.41,2224.0,2115.54,2219.36,153282.962517
1702944000,2219.36,2254.89,2136.0,2178.05,154108.182012
1703030400,2178.06,2266.0,2156.54,2202.44,194338.187308
1703116800,2202.44,2279.5,2183.25,2239.54,169065.483369
1703203200,2239.72,2342.66,2230.38,2324.92,221101.93641
1703289600,2324.92,2330.39,2264.89,2308.12,89535.933646
1703376000,2307.82,2325.85,2241.2,2263.82,106093.622881
1703462400,2263.83,2304.94,2252.61,2271.01,80607.069717
1703548800,2271.01,2274.93,2178.74,2230.67,160141.863337
1703635200,2230.68,2392.94,2212.01,2378.35,196149.907273
1703721600,2378.36,2445.8,2335.27,2344.17,223327.621465
1703808000,2344.18,2385.27,2255.01,2299.15,213180.875673
1703894400,2299.14,2322.69,2267.72,2291.65,97952.848813
1703980800,2291.73,2321.39,2256.01,2282.13,90254.807218
1704067200,2282.2,2352.14,2265.12,2352.05,69503.712664
1704153600,2352.06,2430.68,2338.0,2355.59,167590.575907
1704240000,2355.59,2385.0,2051.76,2209.8,416102.814446
1704326400,2209.8,2296.0,2201.6,2267.54,141034.845487
1704412800,2267.48,2277.6,2206.0,2268.2,161738.358727
1704499200,2268.28,2270.0,2216.33,2240.78,61635.697372
1704585600,2240.66,2257.64,2204.62,2221.42,68796.794955
1704672000,2221.42,2358.5,2166.0,2330.79,207758.234332
1704758400,2330.8,2374.98,2220.0,2344.6,257311.076575
1704844800,2344.6,2644.45,2340.37,2584.52,466852.996594
1704931200,2584.52,2688.88,2564.61,2618.01,313926.861424
1705017600,2618.0,2717.43,2458.02,2522.56,410555.773964
1705104000,2522.57,2590.12,2497.51,2578.19,139903.429844
1705190400,2578.19,2579.11,2469.27,2473.14,125556.483481
1705276800,2473.14,2553.71,2470.96,2511.79,115282.023167
1705363200,2511.78,2613.58,2500.21,2587.59,109275.770218
1705449600,2587.58,2592.77,2506.04,2530.64,97354.9052
1705536000,2530.6,2549.09,2427.0,2470.78,108689.132021
1705622400,2470.79,2504.59,2415.27,2491.79,140872.127604
1705708800,2491.79,2491.8,2454.17,2472.33,40010.94102
1705795200,2472.34,2482.57,2450.0,2456.96,33193.354786
1705881600,2456.96,2465.88,2302.01,2314.2,173047.916172
1705968000,2314.21,2351.62,2168.01,2242.91,215610.625536
1706054400,2242.8,2264.4,2196.12,2235.0,91038.3672
1706140800,2235.32,2242.72,2171.32,2218.45,83668.116955
1706227200,2218.45,2282.2,2196.12,2267.56,110851.358586
1706313600,2267.67,2283.28,2251.36,2268.11,35582.090584
1706400000,2268.11,2308.6,2238.82,2256.85,56125.261077
1706486400,2256.86,2322.81,2233.09,2317.54,72383.42375
1706572800,2317.54,2392.91,2296.5,2343.3,112124.916716
1706659200,2343.3,2351.98,2263.01,2282.99,91937.467859
1706745600,2283.0,2312.57,2239.0,2303.99,87785.813458
1706832000,2304.03,2324.79,2282.1,2309.22,58098.823516
1706918400,2309.22,2330.64,2292.33,2296.77,34741.107855
1707004800,2296.77,2311.6,2263.78,2289.67,51131.811854
1707091200,2289.67,2338.47,2269.12,2301.92,62510.563245
1707177600,2301.93,2392.54,2298.66,2372.56,79543.043739
1707264000,2372.57,2445.6,2354.0,2425.32,77867.830999
1707350400,2425.32,2463.8,2411.63,2419.76,82322.657572
1707436800,2419.77,2526.0,2419.05,2486.41,118147.758785
1707523200,2486.41,2516.42,2471.12,2500.19,41112.132029
1707609600,2500.19,2539.81,2492.54,2507.1,49717.094557
1707696000,2507.11,2665.99,2472.0,2659.68,134747.409526
1707782400,2659.83,2686.66,2589.0,2640.16,140524.178317
1707868800,2640.17,2787.99,2618.28,2774.9,121224.882358
1707955200,2774.88,2867.53,2759.51,2822.76,151858.992793
1708041600,2822.75,2857.46,2737.0,2801.91,117723.68873
1708128000,2801.92,2804.35,2718.17,2785.99,70411.460536
1708214400,2785.99,2896.5,2762.13,2880.81,90713.089815
1708300800,2880.81,2985.82,2856.04,2944.21,145968.814213
1708387200,2944.21,3034.26,2871.82,3015.62,214292.453752
1708473600,3015.63,3018.89,2868.0,2968.0,190928.416256
1708560000,2968.01,3037.61,2906.5,2971.26,198143.580014
1708646400,2971.27,2993.75,2906.02,2922.4,116776.127481
1708732800,2922.4,3006.73,2906.0,2992.66,67126.729218
1708819200,2992.66,3125.32,2983.89,3112.79,140750.776427
1708905600,3112.8,3196.28,3036.2,3175.94,177182.652008
1708992000,3175.94,3288.59,3164.28,3242.6,208441.541255
1709078400,3242.6,3489.59,3168.63,3382.91,312524.748461
1709164800,3382.91,3523.8,3300.0,3340.8,228077.940113
1709251200,3340.85,3450.0,3339.17,3432.92,135981.78279
1709337600,3432.88,3460.66,3386.95,3421.58,102769.480489
1709424000,3421.58,3493.0,3359.2,3487.65,121853.850803
1709510400,3487.9,3640.88,3420.0,3627.45,190951.809572
1709596800,3627.45,3821.99,3179.08,3553.43,443250.865445
1709683200,3553.42,3903.4,3499.0,3819.49,257482.570821
1709769600,3819.68,3933.44,3734.98,3868.6,124154.628128
1709856000,3868.61,3995.0,3811.62,3883.23,187033.770596
1709942400,3883.23,3941.76,3870.0,3905.17,59017.261209
1710028800,3905.2,3964.15,3791.42,3879.05,103422.25943
1710115200,3879.05,4089.0,3721.38,4065.14,216499.867868
1710201600,4065.14,4092.66,3828.45,3980.39,226322.933642
1710288000,3980.39,4081.25,3931.2,4005.49,141016.408789
1710374400,4005.54,4011.31,3722.68,3881.99,192248.276871
1710460800,3882.0,3934.54,3566.0,3742.03,305070.794653
1710547200,3742.09,3781.65,3467.71,3523.66,160640.148208
1710633600,3523.67,3679.49,3412.8,3644.27,200454.88195
1710720000,3644.37,3645.2,3452.3,3521.01,172332.531292
1710806400,3521.0,3548.0,3150.15,3158.4,381135.46945
1710892800,3158.4,3535.66,3055.0,3515.63,377617.79491
1710979200,3516.18,3586.48,3411.71,3492.78,192912.707468
1711065600,3492.77,3542.32,3248.0,3336.94,213275.702637
1711152000,3336.95,3435.06,3270.44,3329.38,105709.503708
1711238400,3329.8,3472.49,3299.71,3455.19,97688.055628
1711324800,3455.24,3661.29,3420.01,3590.21,143154.721861
1711411200,3590.07,3679.0,3541.97,3587.93,123149.217807
1711497600,3588.1,3667.11,3460.4,3502.0,152416.826044
1711584000,3502.13,3611.63,3465.0,3561.35,106779.453724
1711670400,3561.38,3584.38,3473.05,3509.87,92787.957452
1711756800,3509.86,3565.68,3485.09,3505.97,65891.520389
1711843200,3506.19,3655.63,3504.81,3645.39,78866.553335
1711929600,3645.4,3646.09,3413.01,3504.19,158358.34105
1712016000,3504.39,3506.0,3210.4,3278.95,212463.216329
1712102400,3278.91,3367.6,3201.36,3311.55,148125.837364
1712188800,3311.08,3443.98,3251.0,3328.2,147331.650833
1712275200,3328.34,3349.94,3207.14,3317.59,137102.710798
1712361600,3317.48,3398.59,3306.44,3351.51,47735.056719
1712448000,3351.78,3459.41,3343.78,3454.2,80191.292749
1712534400,3454.21,3730.72,3407.51,3695.78,174421.316465
1712620800,3695.79,3726.72,3451.54,3506.0,165960.004229
1712707200,3506.0,3564.18,3410.0,3546.02,143305.04861
1712793600,3546.48,3617.79,3473.87,3501.08,101009.050617
1712880000,3502.36,3552.8,3060.0,3237.32,272362.76232
1712966400,3237.01,3302.11,2791.53,3006.08,413640.014909
1713052800,3006.12,3174.47,2903.59,3155.0,273646.320433
1713139200,3154.8,3278.18,3022.81,3102.4,203922.281668
1713225600,3102.41,3126.64,2986.0,3084.11,187313.090753
1713312000,3084.12,3123.99,2914.0,2984.87,174864.745824
1713398400,2984.87,3094.2,2952.24,3064.52,134902.031687
1713484800,3064.52,3129.3,2864.61,3056.21,223118.266962
1713571200,3056.06,3172.0,3017.82,3155.57,62572.89856
1713657600,3155.21,3197.15,3116.2,3147.6,59803.19932
1713744000,3147.41,3236.83,3128.96,3200.08,86845.181133
1713830400,3200.24,3264.0,3151.77,3219.37,79560.122654
1713916800,3219.36,3293.78,3103.09,3140.61,117539.818318
1714003200,3140.58,3191.7,3072.0,3156.0,227180.70543
1714089600,3156.03,3168.4,3102.04,3131.58,74088.876876
1714176000,3131.58,3285.58,3067.16,3255.8,102076.53404
1714262400,3255.71,3367.84,3250.04,3263.74,111722.570376
1714348800,3263.75,3287.51,3115.22,3217.69,141707.09111
1714435200,3216.99,3251.4,2920.69,3014.23,205747.268163
1714521600,3014.23,3023.79,2816.15,2972.13,209180.777334
1714608000,2972.0,3015.0,2892.44,2986.19,136928.243013
1714694400,2986.19,3126.78,2958.15,3102.61,116075.507703
1714780800,3102.2,3168.68,3092.43,3116.81,66128.544348
1714867200,3116.86,3172.58,3071.51,3136.64,60685.809102
1714953600,3136.65,3221.97,3046.0,3062.58,105085.967864
1715040000,3062.66,3130.32,2998.7,3005.59,96190.626583
1715126400,3005.59,3038.4,2936.0,2974.04,76997.124626
1715212800,2974.04,3059.58,2950.85,3036.07,57626.649645
1715299200,3036.08,3053.92,2876.01,2909.99,89931.06171
1715385600,2910.0,2946.26,2886.39,2912.71,40134.304977
1715472000,2912.71,2955.3,2901.6,2929.53,35581.240549
1715558400,2929.53,2996.8,2863.81,2951.11,92812.540828
1715644800,2951.1,2960.99,2861.01,2882.45,73889.301586
1715731200,2882.44,3041.58,2864.01,3032.69,87809.773761
1715817600,3032.18,3041.0,2922.5,2944.81,90769.24933
1715904000,2944.81,3120.0,2933.34,3092.01,108549.84264
1715990400,3092.01,3146.97,3083.86,3123.15,44226.239888
1716076800,3123.14,3136.99,3053.01,3071.21,45919.222843
1716163200,3071.13,3693.6,3048.02,3660.8,256531.675453
1716249600,3660.8,3842.32,3626.0,3790.34,278844.068853
1716336000,3790.33,3813.92,3653.47,3737.98,183322.126178
1716422400,3737.97,3948.05,3523.77,3783.5,422779.84293
1716508800,3783.5,3830.0,3627.52,3727.97,127359.125398
1716595200,3727.97,3779.5,3708.68,3750.01,39576.004693
1716681600,3750.01,3883.0,3731.5,3826.42,77271.133152
1716768000,3826.42,3980.0,3823.19,3894.02,120020.984889
1716854400,3894.03,3931.17,3774.56,3844.4,118809.888783
1716940800,3844.91,3888.88,3744.6,3767.23,97471.253979
1717027200,3767.14,3825.8,3703.13,3748.39,81790.14501
1717113600,3748.07,3851.8,3722.33,3762.7,85941.906335
1717200000,3762.69,3833.78,3752.57,3815.76,44413.853828
1717286400,3815.93,3838.14,3752.5,3781.6,38939.975349
1717372800,3781.48,3851.33,3758.3,3767.4,73508.377394
1717459200,3767.41,3832.23,3729.57,3810.5,73920.977315
1717545600,3810.51,3887.09,3778.34,3865.82,86915.822318
1717632000,3865.46,3878.0,3758.8,3813.8,53813.054966
1717718400,3813.8,3842.36,3568.0,3678.65,126831.149514
1717804800,3678.66,3710.64,3661.13,3681.59,56511.007576
1717891200,3681.6,3727.33,3666.89,3706.31,33258.533741
1717977600,3706.32,3713.8,3644.0,3668.39,38750.218812
1718064000,3668.34,3673.24,3429.8,3497.19,165827.479643
1718150400,3497.1,3657.31,3460.76,3560.47,128056.464833
1718236800,3560.47,3562.0,3427.89,3469.34,86808.399751
1718323200,3469.35,3532.27,3362.43,3481.42,106238.047075
1718409600,3481.42,3594.62,3472.9,3569.19,76174.196068
1718496000,3569.19,3654.82,3540.0,3624.32,45313.335783
1718582400,3624.08,3637.98,3465.5,3511.01,94165.090226
1718668800,3511.01,3516.86,3350.0,3483.4,130751.04031
1718755200,3483.4,3588.67,3464.83,3560.43,91152.439107
1718841600,3560.41,3625.19,3485.54,3512.7,88792.792858
1718928000,3512.58,3547.35,3446.45,3517.85,85747.286288
1719014400,3518.4,3521.39,3476.0,3495.76,22748.243043
1719100800,3495.75,3521.69,3401.0,3420.88,54925.426975
1719187200,3420.52,3436.53,3212.33,3351.94,169721.508614
1719273600,3352.11,3430.49,3336.46,3394.02,74500.398264
1719360000,3394.25,3426.31,3326.42,3371.5,47445.212611
1719446400,3372.1,3478.09,3361.6,3450.6,55369.030128
1719532800,3450.41,3490.99,3365.74,3380.32,65735.792213
1719619200,3380.42,3408.32,3372.1,3378.97,18203.647592
1719705600,3378.97,3459.87,3353.02,3438.15,36037.552192
1719792000,3438.15,3524.0,3422.86,3442.03,60379.195279
1719878400,3442.03,3464.25,3401.51,3421.69,34850.825847
1719964800,3421.69,3432.2,3250.54,3295.65,95119.341002
1720051200,3295.62,3313.26,3050.26,3060.0,115094.288502
1720137600,3059.81,3109.15,2806.0,2981.94,291187.180245
1720224000,2981.61,3082.22,2955.02,3066.61,51496.109101
1720310400,3067.01,3073.8,2922.4,2931.6,58356.64099
1720396800,2931.4,3099.41,2822.14,3019.4,149825.838098
1720483200,3018.96,3115.16,3004.0,3066.08,70846.973104
1720569600,3066.35,3151.71,3024.1,3101.02,83629.615197
1720656000,3101.13,3216.62,3054.24,3099.71,75274.740755
1720742400,3099.41,3158.73,3045.8,3134.0,60145.947664
1720828800,3134.0,3202.13,3113.14,3176.39,46421.824247
1720915200,3175.61,3268.77,3163.4,3245.53,53911.779211
1721001600,3245.1,3496.08,3232.77,3483.75,99947.794194
1721088000,3483.73,3498.85,3346.31,3444.4,131854.089635
1721174400,3444.4,3517.71,3375.98,3387.4,72997.454283
1721260800,3387.39,3489.56,3367.37,3426.6,53830.55678
1721347200,3426.6,3540.33,3376.89,3504.2,80959.220153
1721433600,3504.2,3539.8,3480.0,3517.35,45096.64528
1721520000,3517.4,3547.0,3411.0,3535.46,70238.911516
1721606400,3536.2,3563.0,3422.59,3439.6,67048.440389
1721692800,3439.6,3540.98,3389.0,3482.42,141986.20876
1721779200,3482.52,3488.62,3286.78,3336.01,81890.428973
1721865600,3335.81,3342.59,3087.01,3175.0,179202.045829
1721952000,3175.0,3286.56,3170.42,3274.61,89295.398491
1722038400,3274.61,3327.78,3190.31,3249.19,80272.377628
1722124800,3249.19,3284.24,3197.72,3270.01,38032.515173
1722211200,3270.01,3397.33,3257.4,3318.11,116914.829198
1722297600,3318.11,3366.5,3233.09,3279.1,68421.886294
1722384000,3279.02,3349.99,3212.94,3232.7,86198.082824
1722470400,3232.8,3242.75,3078.57,3203.1,100779.46332
1722556800,3203.01,3217.99,2967.37,2989.61,115841.876524
1722643200,2989.61,3018.87,2860.0,2903.79,91676.703672
1722729600,2903.8,2936.91,2615.0,2689.15,154859.057863
1722816000,2689.15,2697.49,2084.69,2419.73,1096547.159153
1722902400,2419.98,2555.3,2413.46,2461.21,238891.876157
1722988800,2461.21,2552.17,2308.0,2343.18,197883.071245
1723075200,2342.7,2725.12,2320.62,2682.41,180855.122763
1723161600,2682.41,2709.08,2552.25,2598.82,145228.488469
1723248000,2598.9,2645.0,2576.31,2610.0,54838.279614
1723334400,2609.99,2720.0,2540.0,2555.7,102896.884985
1723420800,2555.41,2750.42,2509.23,2722.79,171307.845474
1723507200,2722.8,2738.4,2610.65,2702.04,122307.660734
1723593600,2702.15,2784.12,2632.34,2661.19,110715.530196
1723680000,2661.2,2675.4,2515.43,2570.09,117334.099133
1723766400,2570.01,2631.27,2550.7,2592.89,73561.49103
1723852800,2592.9,2627.42,2587.5,2614.51,20242.807434
1723939200,2614.6,2687.96,2594.5,2612.19,50773.269982
1724025600,2612.2,2648.28,2563.3,2636.14,65657.535356
1724112000,2636.39,2695.6,2555.0,2572.81,87528.167479
1724198400,2572.8,2664.33,2535.04,2630.66,78219.440424
1724284800,2630.67,2644.75,2584.05,2623.02,49242.976989
1724371200,2623.09,2799.75,2621.08,2762.59,117860.089093
1724457600,2762.6,2820.4,2730.98,2768.2,80893.750917
1724544000,2768.01,2792.7,2732.92,2746.21,36389.988636
1724630400,2746.21,2762.0,2666.28,2680.68,57092.954746
1724716800,2680.68,2699.91,2391.67,2457.38,142201.768693
1724803200,2457.4,2555.0,2418.25,2528.4,131211.596028
1724889600,2528.23,2595.96,2506.0,2527.8,60571.679899
1724976000,2527.6,2555.0,2431.44,2525.89,89235.60896
1725062400,2525.82,2533.97,2491.79,2513.2,27040.212306
1725148800,2513.05,2516.39,2398.31,2426.0,76419.733034
1725235200,2425.8,2565.97,2423.35,2538.0,72626.586142
1725321600,2538.11,2553.67,2411.01,2424.94,58157.444903
1725408000,2424.95,2490.25,2303.4,2450.34,128446.708942
1725494400,2450.35,2465.92,2348.0,2368.62,72975.445685
1725580800,2368.61,2409.96,2150.0,2225.1,248269.78884
1725667200,2225.11,2311.47,2221.73,2273.8,81743.327833
1725753600,2273.61,2334.02,2240.0,2297.25,94809.821679
1725840000,2297.2,2382.0,2273.1,2359.19,109411.674217
1725926400,2359.2,2400.0,2320.19,2388.3,70541.612262
1726012800,2388.5,2389.52,2277.47,2340.5,91110.337716
1726099200,2340.41,2392.62,2315.21,2361.86,73935.862952
1726185600,2361.8,2466.66,2337.49,2439.59,84891.230399
1726272000,2439.6,2441.22,2374.25,2417.99,57061.299749
1726358400,2418.0,2431.1,2281.11,2316.21,68491.888676
1726444800,2316.31,2336.0,2252.4,2295.46,134787.727011
1726531200,2295.47,2394.2,2262.88,2341.7,104807.775117
1726617600,2341.71,2376.42,2276.76,2374.79,108771.036592
1726704000,2374.8,2495.63,2372.66,2465.28,133468.483244
1726790400,2465.4,2571.82,2437.4,2561.41,130696.479973
1726876800,2561.42,2624.79,2529.09,2612.89,57013.952002
1726963200,2612.9,2633.13,2524.25,2581.17,75370.455972
1727049600,2581.23,2703.59,2539.6,2647.61,117482.795342
1727136000,2647.61,2671.67,2592.17,2653.39,124983.298273
1727222400,2653.4,2674.43,2554.65,2580.27,90347.226769
1727308800,2580.27,2666.15,2559.22,2631.99,101949.682344
1727395200,2631.99,2728.74,2615.0,2694.64,111889.080639
1727481600,2694.64,2704.54,2650.0,2675.18,46412.854272
1727568000,2675.26,2684.76,2634.01,2657.61,57914.643381
1727654400,2657.61,2663.24,2574.51,2602.16,125599.882312
1727740800,2602.16,2659.0,2412.58,2448.07,187768.236806
1727827200,2448.0,2499.27,2351.27,2364.0,128880.915911
1727913600,2364.0,2403.27,2310.0,2349.83,114842.844272
1728000000,2349.74,2441.91,2339.18,2414.51,83896.481901
1728086400,2414.58,2428.4,2390.0,2414.67,32801.383091
1728172800,2414.67,2458.2,2407.18,2440.01,35943.887899
1728259200,2440.0,2521.67,2402.82,2422.63,111927.606833
1728345600,2422.6,2466.66,2400.82,2440.72,75001.572467
1728432000,2440.73,2473.8,2351.0,2370.74,92107.653342
1728518400,2370.63,2421.24,2330.0,2386.22,84273.37336
1728604800,2386.21,2471.5,2382.15,2439.58,81762.21838
1728691200,2439.6,2491.0,2434.26,2476.4,54681.275271
1728777600,2476.41,2484.99,2436.49,2468.96,42202.065564
1728864000,2468.97,2654.3,2443.4,2629.77,168466.589252
1728950400,2629.9,2689.0,2536.58,2607.3,143820.080338
1729036800,2607.29,2647.5,2588.71,2611.19,111344.466892
1729123200,2611.19,2648.0,2575.43,2605.67,86939.207892
1729209600,2605.68,2675.99,2596.42,2642.48,105530.343553
1729296000,2642.48,2663.6,2631.15,2648.55,35655.414508
1729382400,2648.56,2759.99,2635.84,2747.15,86801.758862
1729468800,2747.16,2769.72,2655.0,2666.57,116022.638643
1729555200,2666.58,2671.76,2606.06,2622.47,100015.52666
1729641600,2622.76,2628.35,2441.55,2524.7,132353.835009
1729728000,2524.71,2562.19,2507.1,2535.96,77197.429792
1729814400,2535.95,2566.51,2380.24,2440.8,161327.910654
1729900800,2440.81,2508.5,2430.1,2482.7,65716.562979
1729987200,2482.79,2528.41,2463.79,2508.0,46058.316898
1730073600,2508.01,2590.0,2471.4,2567.4,103609.481583
1730160000,2567.41,2682.09,2560.97,2639.01,121743.546551
1730246400,2639.07,2723.01,2600.01,2659.07,139745.057842
1730332800,2659.08,2668.96,2502.65,2518.72,149212.814768
1730419200,2518.7,2587.0,2466.02,2511.76,129377.11745
1730505600,2511.77,2523.46,2470.0,2494.3,37389.630407
1730592000,2494.31,2496.3,2410.0,2457.52,85107.473431
1730678400,2457.59,2491.4,2357.33,2398.15,98549.379673
1730764800,2398.21,2480.53,2380.98,2422.4,104618.323622
1730851200,2422.51,2745.0,2420.52,2721.85,311053.962481
1730937600,2721.86,2916.32,2699.6,2895.42,250208.397805
1731024000,2895.42,2982.59,2886.4,2962.15,190119.262038
1731110400,2962.14,3158.26,2954.66,3126.35,168597.801867
1731196800,3126.34,3248.95,3069.48,3183.15,276329.709583
1731283200,3183.35,3388.0,3105.0,3371.46,311197.814851
1731369600,3371.45,3444.22,3208.08,3243.8,386022.281134
1731456000,3243.81,3331.0,3116.72,3187.18,287046.020572
1731542400,3187.19,3239.99,3027.0,3058.97,194893.650774
1731628800,3058.79,3131.59,3015.0,3089.66,153073.365263
1731715200,3089.67,3220.0,3071.82,3133.05,105646.629046
1731801600,3133.33,3162.2,3035.0,3076.26,117993.094909
1731888000,3076.39,3224.72,3050.51,3208.01,190589.965609
1731974400,3208.0,3221.71,3065.21,3107.69,141196.557015
1732060800,3107.68,3159.18,3029.51,3070.0,156959.668942
1732147200,3070.0,3386.98,3032.05,3356.15,324265.6263
1732233600,3356.11,3426.46,3258.06,3327.68,227387.871884
1732320000,3327.83,3500.0,3313.0,3394.16,211591.496801
1732406400,3394.17,3449.36,3281.53,3361.2,120421.604809
1732492800,3361.02,3546.77,3300.18,3415.0,296214.827282
1732579200,3414.49,3462.37,3252.59,3325.13,174895.726386
1732665600,3325.14,3685.31,3302.13,3653.43,219518.705757
1732752000,3653.21,3662.0,3530.11,3578.42,143761.92238
1732838400,3578.95,3645.8,3535.0,3591.99,114109.506621
1732924800,3592.0,3739.0,3568.01,3703.63,135418.14924
1733011200,3703.64,3746.12,3658.63,3707.45,97840.101113
1733097600,3707.41,3760.35,3556.33,3643.79,195557.398143
1733184000,3643.8,3670.4,3500.22,3614.65,164097.67784
1733270400,3614.66,3888.4,3614.37,3837.55,275349.514038
1733356800,3837.56,3956.32,3650.0,3785.63,297913.920347
1733443200,3785.62,4087.8,3778.1,3998.81,228019.887567
1733529600,3998.82,4024.59,3966.61,3996.59,76096.328688
1733616000,3996.59,4016.01,3922.41,4004.53,80451.261042
1733702400,4004.77,4006.46,3465.83,3712.05,343799.721631
1733788800,3712.17,3780.54,3515.86,3627.81,338153.604957
1733875200,3627.82,3848.31,3562.56,3831.53,174702.44611
1733961600,3831.53,3987.89,3796.46,3881.75,221734.791629
1734048000,3881.78,3968.39,3852.18,3906.79,144365.298225
1734134400,3906.79,3945.48,3825.11,3870.27,94983.766126
1734220800,3870.28,3975.8,3831.88,3959.77,107309.006038
1734307200,3959.82,4108.12,3883.6,3986.37,229872.642413
1734393600,3986.48,4041.3,3846.0,3892.62,163056.179278
1734480000,3892.62,3907.61,3617.5,3627.03,277048.433403
1734566400,3627.14,3719.67,3322.0,3417.21,397713.595724
1734652800,3417.21,3497.84,3101.09,3472.3,547142.047723
1734739200,3471.85,3555.53,3293.41,3338.88,182704.462304
1734825600,3339.21,3403.0,3220.24,3281.8,139960.105219
1734912000,3281.87,3466.86,3216.01,3422.2,224083.554527
1734998400,3422.2,3540.0,3357.08,3493.2,149294.930323
1735084800,3493.1,3548.99,3441.04,3496.99,97729.302452
1735171200,3497.39,3515.0,3303.56,3334.56,133767.747079
1735257600,3334.69,3445.0,3307.59,3333.41,143006.686436
1735344000,3333.41,3428.37,3322.2,3404.2,54571.891286
1735430400,3404.21,3413.72,3326.66,3356.41,64666.290992
1735516800,3356.41,3437.0,3305.17,3361.85,168828.974875
1735603200,3361.85,3451.56,3316.0,3337.41,126738.232485
1735689600,3337.41,3374.65,3314.29,3360.38,60702.68529
1735776000,3360.38,3510.41,3354.65,3456.25,118443.812079
1735862400,3456.25,3630.56,3423.02,3609.19,131334.578679
1735948800,3609.26,3671.71,3572.46,3656.88,81383.935928
1736035200,3656.88,3676.0,3593.62,3635.99,56549.140241
1736121600,3636.0,3745.12,3610.65,3687.55,126986.361193
1736208000,3687.56,3701.35,3356.75,3380.81,222972.750613
1736294400,3380.86,3415.24,3208.68,3327.08,182510.614225
1736380800,3327.32,3357.72,3157.19,3219.3,175826.224608
1736467200,3219.5,3323.16,3194.73,3267.1,155840.535101
1736553600,3267.1,3320.7,3218.93,3283.2,48027.718881
1736640000,3283.4,3300.0,3224.11,3267.49,40599.881775
1736726400,3267.49,3338.65,2910.0,3137.61,277575.474253
1736812800,3137.88,3256.61,3125.95,3225.68,113060.998881
1736899200,3225.31,3473.99,3186.41,3451.29,140967.938273
1736985600,3451.11,3460.0,3265.53,3307.96,161817.609049
1737072000,3307.97,3525.94,3307.51,3473.77,158861.523573
1737158400,3473.9,3494.72,3226.91,3307.91,224851.046023
1737244800,3307.85,3449.0,3130.85,3215.35,484800.147715
1737331200,3215.2,3455.0,3142.4,3284.4,453982.4486
1737417600,3284.3,3368.09,3204.12,3327.5,179885.392716
1737504000,3327.51,3365.76,3222.15,3243.15,104258.432346
1737590400,3243.21,3348.85,3182.6,3338.98,170936.44499
1737676800,3338.98,3428.53,3275.66,3310.21,140399.342857
1737763200,3310.41,3351.08,3269.0,3319.4,70114.779406
1737849600,3319.4,3362.16,3230.0,3232.81,64812.297036
1737936000,3232.81,3254.03,3020.04,3183.0,218103.196063
1738022400,3183.1,3223.75,3039.38,3077.28,97883.360689
1738108800,3077.7,3182.55,3054.0,3113.81,95840.453241
1738195200,3113.81,3283.77,3091.07,3247.47,117973.840349
1738281600,3247.41,3437.38,3213.77,3301.1,203130.052114
1738368000,3301.11,3332.25,3101.56,3117.31,97152.11318
1738454400,3117.31,3162.78,2739.56,2869.91,319248.167234
1738540800,2870.04,2920.0,2100.0,2879.38,1257331.653808
1738627200,2879.28,2888.72,2632.85,2731.55,384510.523227
1738713600,2731.63,2828.53,2698.85,2788.22,224081.742244
1738800000,2788.22,2857.95,2655.18,2686.92,193791.119996
1738886400,2686.8,2797.91,2562.12,2622.2,199874.534095
1738972800,2622.21,2667.59,2588.69,2632.29,106468.350058
1739059200,2632.31,2699.08,2520.12,2627.22,116206.702146
1739145600,2627.22,2693.91,2559.86,2661.22,134464.956823
1739232000,2661.22,2726.16,2559.0,2602.6,151458.766908
1739318400,2602.6,2795.97,2547.02,2738.34,180317.123394
1739404800,2738.35,2757.88,2612.88,2675.81,124360.393145
1739491200,2675.82,2791.54,2664.45,2725.52,140312.083909
1739577600,2726.31,2739.15,2660.0,2693.3,54350.231329
1739664000,2693.3,2727.55,2650.98,2661.21,48254.303655
1739750400,2661.21,2849.68,2637.12,2744.46,176828.505544
1739836800,2744.47,2757.52,2605.67,2672.0,149474.283003
1739923200,2672.18,2736.97,2656.0,2715.5,85441.403911
1740009600,2715.58,2770.9,2706.65,2738.2,100481.487856
1740096000,2738.14,2845.89,2616.89,2662.7,267036.438638
1740182400,2662.79,2798.2,2652.73,2762.97,126669.598299
1740268800,2762.97,2857.95,2745.05,2819.61,121002.884656
1740355200,2819.61,2839.76,2468.53,2513.73,297018.364959
1740441600,2513.61,2533.54,2315.32,2495.3,399449.973794
1740528000,2495.7,2507.9,2254.0,2336.4,263662.097777
1740614400,2336.41,2381.93,2230.66,2307.77,164423.985924
1740700800,2307.77,2314.39,2074.99,2237.62,452889.994397
1740787200,2237.68,2281.11,2142.06,2217.6,115895.80272
1740873600,2217.61,2551.3,2172.0,2518.04,419352.549484
1740960000,2518.04,2523.78,2096.0,2149.28,330842.324261
1741046400,2149.3,2221.8,1989.0,2171.6,396735.385535
1741132800,2171.59,2273.36,2155.04,2241.61,171834.213779
1741219200,2241.6,2320.02,2176.13,2202.4,193747.252694
1741305600,2202.01,2258.29,2102.09,2141.8,303193.434128
1741392000,2141.8,2235.3,2105.0,2203.79,92357.924524
1741478400,2203.8,2212.35,1989.63,2020.39,210088.853569
1741564800,2020.43,2152.72,1808.94,1865.29,386177.608013
1741651200,1865.29,1963.21,1752.82,1923.45,368097.890389
1741737600,1923.31,1956.24,1828.42,1908.49,262726.942752
1741824000,1908.24,1924.0,1821.42,1864.8,183155.919199
1741910400,1864.7,1945.54,1861.6,1911.54,123303.797329
1741996800,1911.24,1957.85,1903.19,1937.29,59409.905706
1742083200,1937.29,1941.1,1860.35,1887.3,94979.568914
1742169600,1887.2,1952.64,1879.87,1926.27,103279.472274
1742256000,1926.28,1936.07,1872.17,1931.49,93585.989012
1742342400,1931.6,2070.26,1927.82,2056.49,268943.691555
1742428800,2056.42,2068.0,1952.1,1983.79,132937.014747
1742515200,1983.71,1996.76,1936.61,1965.84,84533.687301
1742601600,1965.84,2006.48,1964.5,1980.7,52032.141663
1742688000,1980.65,2020.84,1976.73,2006.02,54288.336734
1742774400,2006.02,2104.16,1977.69,2081.16,154257.051676
1742860800,2081.16,2097.89,2036.96,2066.41,113774.279348
1742947200,2066.4,2078.57,1981.21,2009.47,108793.070068
1743033600,2009.5,2037.39,1987.0,2003.81,89726.790854
1743120000,2003.81,2015.97,1858.47,1897.03,212471.141455
1743206400,1897.03,1913.68,1796.59,1828.28,133830.410651
1743292800,1828.28,1849.22,1767.06,1807.93,107512.780196
1743379200,1807.94,1854.75,1776.7,1822.39,140052.456195
1743465600,1822.4,1928.41,1818.0,1905.19,160306.666447
1743552000,1905.2,1957.14,1781.71,1795.3,228889.837718
1743638400,1795.01,1845.49,1748.12,1816.94,175540.183584
1743724800,1817.2,1835.72,1758.98,1817.05,227896.424652
1743811200,1817.01,1827.42,1763.82,1805.87,65571.556463
1743897600,1806.06,1817.16,1536.0,1580.8,348018.39031
1743984000,1580.87,1639.17,1411.13,1553.0,734699.081563
1744070400,1553.11,1618.66,1445.26,1473.48,257352.996397
1744156800,1473.57,1689.05,1384.28,1669.44,568144.859403
1744243200,1669.43,1669.92,1472.28,1522.35,293153.687203
1744329600,1522.31,1592.0,1504.45,1566.58,222326.284904
1744416000,1566.54,1669.5,1545.45,1644.23,179717.672927
1744502400,1644.34,1649.96,1562.0,1597.76,238757.376091
1744588800,1597.84,1691.92,1595.83,1624.08,223646.706937
1744675200,1623.98,1661.05,1583.13,1588.63,140804.570743
1744761600,1588.63,1614.0,1537.0,1577.36,203346.286636
1744848000,1577.37,1617.45,1562.87,1584.0,152201.245018
1744934400,1584.05,1601.4,1573.57,1588.72,59124.507935
1745020800,1588.73,1632.99,1585.14,1613.33,69888.364072
1745107200,1613.21,1619.28,1565.87,1587.46,96736.84205
1745193600,1587.46,1658.83,1562.97,1579.51,286624.791538
1745280000,1579.51,1778.94,1537.43,1756.29,369950.601565
1745366400,1756.3,1835.51,1745.08,1795.19,328942.474917
1745452800,1795.19,1803.0,1722.93,1769.71,218393.301285
1745539200,1769.72,1827.58,1738.78,1784.46,236757.188736
1745625600,1784.6,1841.25,1779.21,1820.8,121053.515673
1745712000,1820.8,1857.52,1781.1,1791.26,113186.416323
1745798400,1791.31,1827.92,1744.74,1799.79,273553.787467
1745884800,1799.8,1842.98,1780.27,1797.7,197865.846835
1745971200,1797.69,1816.96,1731.41,1793.44,212332.260263
1746057600,1793.41,1873.85,1792.41,1838.18,211622.774162
1746144000,1838.13,1871.0,1813.0,1842.13,138997.080171
1746230400,1842.16,1848.73,1808.8,1833.49,114548.735681
1746316800,1833.49,1849.97,1803.05,1808.88,87033.616573
1746403200,1808.89,1833.64,1781.42,1820.31,166234.804127
1746489600,1820.32,1820.97,1751.45,1817.0,175380.934875
1746576000,1817.0,1850.61,1787.16,1811.0,200521.55107
1746662400,1811.01,2226.47,1808.35,2207.27,606511.163385
1746748800,2207.2,2490.84,2184.58,2345.18,600529.33029
1746835200,2345.19,2600.83,2317.29,2582.8,411685.885675
1746921600,2582.6,2609.49,2435.0,2514.67,352014.865271
1747008000,2514.61,2623.76,2407.09,2495.34,414300.134783
1747094400,2495.6,2738.83,2415.07,2679.56,403226.075442
1747180800,2679.41,2725.22,2547.02,2609.7,294178.215308
1747267200,2609.77,2647.18,2477.77,2548.8,287206.199615
1747353600,2548.92,2648.5,2530.0,2537.29,223611.128613
1747440000,2537.28,2538.61,2446.0,2475.51,199692.669685
1747526400,2475.52,2587.82,2315.89,2497.99,346984.222142
1747612800,2498.0,2547.77,2347.74,2527.8,344343.768207
1747699200,2528.0,2587.99,2442.0,2524.3,283467.024418
1747785600,2524.3,2616.0,2452.03,2550.9,401769.552332
1747872000,2551.0,2692.67,2544.53,2665.1,297429.980069
1747958400,2665.2,2734.36,2497.27,2526.6,391115.182124
1748044800,2526.59,2575.99,2515.46,2530.42,95056.528556
1748131200,2530.5,2554.88,2461.14,2551.2,136353.68012
1748217600,2551.39,2600.0,2525.24,2563.81,129704.395915
1748304000,2563.81,2712.0,2509.3,2661.03,298683.885856
1748390400,2660.91,2689.81,2608.52,2681.51,203798.816856
1748476800,2681.51,2788.88,2618.0,2631.41,353545.592647
1748563200,2631.37,2649.99,2507.09,2531.16,249220.623259
1748649600,2531.17,2550.92,2475.63,2528.31,132464.616135
1748736000,2528.32,2547.83,2467.75,2539.27,136285.589712
1748822400,2539.27,2615.35,2475.0,2607.58,175241.208642
1748908800,2607.59,2656.29,2575.19,2593.24,175699.835578
1748995200,2593.43,2679.73,2583.69,2608.18,186772.966438
1749081600,2608.0,2641.05,2391.59,2414.16,324756.844329
1749168000,2414.39,2530.41,2382.0,2476.43,209475.372121
1749254400,2476.43,2545.0,2457.15,2524.73,94135.603527
1749340800,2524.73,2549.48,2488.79,2509.67,98706.703034
1749427200,2509.67,2694.57,2477.83,2680.24,247106.336507
1749513600,2680.24,2827.0,2654.15,2816.11,346769.090582
1749600000,2816.13,2879.99,2743.31,2771.66,302109.270703
1749686400,2771.7,2785.0,2616.33,2642.7,287612.79645
1749772800,2642.69,2645.55,2436.0,2579.15,452378.029873
1749859200,2579.29,2579.46,2488.17,2530.8,124381.161368
1749945600,2530.8,2559.65,2491.82,2547.53,114941.761811
1750032000,2547.49,2680.26,2514.28,2544.22,317198.703796
1750118400,2544.49,2619.0,2453.56,2509.85,290880.264113
1750204800,2510.0,2548.72,2465.63,2524.71,187953.799191
1750291200,2524.68,2548.0,2485.13,2520.71,105286.781768
1750377600,2520.72,2569.06,2365.0,2406.74,247804.802608
1750464000,2406.78,2448.22,2215.3,2295.55,226973.805594
1750550400,2296.0,2314.39,2111.0,2227.58,367548.786521
1750636800,2227.58,2439.0,2188.41,2411.52,342035.999026
1750723200,2411.52,2483.0,2376.0,2448.7,245992.842117
1750809600,2448.77,2469.0,2389.8,2418.54,172948.926104
1750896000,2418.55,2520.48,2394.11,2416.35,207104.686154
1750982400,2416.08,2464.23,2382.27,2423.27,141744.556507
1751068800,2423.35,2448.0,2405.5,2435.77,64633.574557
1751155200,2435.77,2525.34,2411.05,2500.57,112910.941625
1751241600,2500.57,2524.6,2433.47,2485.1,192747.27872
1751328000,2485.3,2500.71,2385.69,2405.13,177539.774654
1751414400,2405.13,2619.94,2372.67,2570.59,271897.694154
1751500800,2570.43,2636.36,2556.37,2590.92,196579.511336
1751587200,2591.07,2603.04,2474.4,2508.07,165379.665733
1751673600,2508.07,2529.8,2487.9,2516.21,53531.077206
1751760000,2516.21,2605.47,2503.19,2570.62,113087.138816
1751846400,2570.4,2590.73,2511.22,2542.37,117806.640717
1751932800,2542.38,2628.42,2523.57,2615.18,132600.625048
1752019200,2615.18,2796.0,2590.0,2768.49,237843.615747
1752105600,2768.5,3002.99,2755.44,2951.1,324881.691576
1752192000,2951.11,3039.95,2914.1,2958.49,332550.850776
1752278400,2958.04,2980.77,2904.39,2943.28,129694.370189
1752364800,2943.5,3020.38,2936.26,2972.01,152355.511027
1752451200,2972.22,3083.33,2963.28,3013.79,284688.26735
1752537600,3013.79,3144.36,2932.73,3137.65,329748.415812
1752624000,3137.6,3423.99,3101.31,3371.4,393004.135375
1752710400,3371.4,3524.12,3310.91,3476.89,375770.100567
1752796800,3476.88,3674.19,3459.06,3547.16,428774.461486
1752883200,3546.91,3608.58,3507.18,3592.11,133728.978262
1752969600,3592.11,3824.15,3579.49,3756.92,320192.276299
1753056000,3757.0,3858.88,3701.17,3762.77,282564.798031
1753142400,3762.77,3798.94,3617.1,3746.39,347136.043843
1753228800,3746.59,3764.12,3527.0,3628.82,314570.890233
1753315200,3628.83,3770.74,3507.02,3707.19,309224.358582
1753401600,3707.37,3746.69,3573.72,3724.71,283533.500351
1753488000,3724.94,3795.0,3697.04,3741.67,144207.569145
1753574400,3741.83,3880.18,3730.72,3872.99,153666.740669
1753660800,3872.9,3941.79,3753.27,3798.32,241503.582692
1753747200,3798.32,3886.19,3716.51,3794.0,269515.613285
1753833600,3794.0,3834.26,3675.98,3810.43,224989.620898
1753920000,3810.43,3883.06,3685.0,3698.64,197176.408343
1754006400,3698.24,3724.67,3430.02,3487.88,349371.332851
1754092800,3487.88,3537.76,3368.0,3394.3,194397.467441
1754179200,3394.31,3522.0,3355.27,3496.98,125255.184999
1754265600,3497.0,3737.11,3491.25,3721.2,217909.648002
1754352000,3721.2,3723.16,3545.0,3612.16,208233.889278
1754438400,3612.16,3698.79,3564.41,3683.11,136665.412517
1754524800,3683.11,3927.5,3647.84,3910.1,226234.947788
1754611200,3910.08,4071.38,3879.34,4009.95,273375.117268
1754697600,4009.99,4326.69,4006.52,4260.97,265189.115526
1754784000,4260.98,4332.52,4160.07,4251.13,182535.557903
1754870400,4250.91,4367.05,4166.07,4223.69,272871.325808
1754956800,4223.68,4640.42,4218.24,4590.2,338017.295587
1755043200,4590.2,4784.69,4564.66,4749.94,318054.459988
1755129600,4750.0,4790.66,4451.16,4546.7,422164.970448
1755216000,4546.7,4670.68,4367.66,4439.4,260905.640018
1755302400,4439.4,4490.0,4373.61,4422.4,113543.219877
1755388800,4422.48,4575.82,4394.56,4472.9,139496.720627
1755475200,4472.89,4482.96,4226.03,4313.9,310417.622375
1755561600,4313.83,4356.23,4067.41,4075.71,275173.610539
1755648000,4075.61,4377.6,4062.66,4336.25,266313.927134
1755734400,4336.24,4340.12,4204.02,4225.93,144196.092444
1755820800,4225.7,4887.5,4207.74,4831.6,417484.271513
1755907200,4831.7,4831.7,4662.85,4778.76,169564.760957
1755993600,4778.76,4957.98,4708.43,4780.31,293847.532882
1756080000,4780.35,4797.92,4333.34,4376.72,319872.900756
1756166400,4376.78,4634.0,4311.48,4600.41,230720.972108
1756252800,4600.4,4664.0,4481.94,4507.13,179748.721554
1756339200,4507.14,4634.58,4429.88,4511.68,164902.670573
1756425600,4511.69,4517.68,4263.85,4360.71,231691.145887
1756512000,4360.6,4415.88,4257.36,4374.56,98026.889465
1756598400,4374.56,4498.8,4372.55,4391.91,108257.856287
1756684800,4391.92,4491.56,4211.11,4314.59,155657.365619
1756771200,4314.6,4416.94,4258.0,4326.7,179977.590102
1756857600,4326.71,4490.49,4283.33,4450.28,129027.837176
1756944000,4450.29,4483.0,4265.44,4297.61,157913.087101
1757030400,4297.62,4494.43,4256.14,4307.36,225419.232253
1757116800,4307.5,4329.0,4234.07,4273.68,64821.154736
1757203200,4273.68,4336.62,4270.34,4306.14,50963.284724
1757289600,4306.14,4384.36,4279.3,4305.99,122893.607016
1757376000,4306.0,4381.69,4277.01,4310.31,136936.789766
1757462400,4310.32,4453.33,4285.06,4349.98,159255.09991
1757548800,4349.99,4482.0,4338.67,4458.66,151311.674958
1757635200,4458.66,4754.44,4450.55,4712.51,179102.558071
1757721600,4712.5,4766.77,4605.85,4667.2,131477.166816
1757808000,4667.21,4693.25,4576.49,4604.52,113474.540018
1757894400,4604.51,4670.14,4465.1,4523.2,153338.014823
1757980800,4523.2,4537.76,4423.32,4501.28,169489.245751
1758067200,4501.28,4616.99,4407.0,4589.95,214871.292208
1758153600,4590.21,4644.85,4553.59,4587.6,113217.614641
1758240000,4587.61,4621.0,4435.12,4469.09,114653.559637
1758326400,4469.1,4508.7,4454.56,4480.6,44422.635573
1758412800,4480.61,4498.38,4443.45,4445.4,70634.760256
1758499200,4445.24,4455.99,4045.01,4198.87,329311.776291
1758585600,4198.87,4229.0,4114.28,4164.28,115254.656143
1758672000,4164.29,4206.99,4073.91,4152.25,125544.16798
1758758400,4152.22,4160.85,3823.43,3874.19,333334.387794
1758844800,3874.43,4069.01,3866.58,4032.28,213160.443115
1758931200,4032.28,4039.23,3972.81,4019.0,65761.173406
1759017600,4019.0,4144.81,3965.83,4141.48,84384.327592
1759104000,4141.55,4236.28,4082.0,4214.75,123246.692415
1759190400,4214.76,4246.57,4092.45,4145.3,129502.119399
1759276800,4145.3,4356.4,4123.51,4348.31,162375.287028
1759363200,4348.33,4517.12,4332.8,4484.64,156773.914882
1759449600,4484.64,4592.87,4428.38,4512.79,183470.498023
1759536000,4512.8,4518.14,4440.61,4487.62,62184.123794
1759622400,4487.49,4619.0,4467.19,4514.63,151380.969071
1759708800,4514.64,4736.25,4487.5,4684.25,151988.367294
1759795200,4684.25,4755.77,4428.8,4447.3,247667.217231
1759881600,4447.26,4557.59,4411.23,4525.98,156263.863894
1759968000,4525.67,4531.52,4264.68,4368.2,190012.016271
1760054400,4368.2,4393.68,3373.67,3822.49,658288.474122
1760140800,3822.48,3878.0,3642.1,3747.38,363695.023481
1760227200,3747.44,4198.0,3694.8,4152.11,358028.247878
1760313600,4152.11,4292.85,4041.36,4241.8,251817.61716
1760400000,4241.8,4263.83,3888.41,4124.95,445067.931862
1760486400,4124.93,4216.66,3925.0,3986.15,274557.01831
1760572800,3986.14,4087.51,3825.83,3894.62,268946.621365
1760659200,3894.83,3950.64,3674.0,3831.88,314619.359252
1760745600,3831.69,3928.27,3819.24,3888.96,94142.995294
1760832000,3888.95,4031.96,3822.8,3982.74,183062.656938
1760918400,3982.8,4085.83,3908.99,3979.43,183200.969595
1761004800,3979.43,4110.14,3840.19,3873.09,247841.111967
1761091200,3873.1,3889.8,3707.56,3805.43,221778.194001
1761177600,3805.79,3936.0,3796.72,3857.38,154748.542147
1761264000,3857.39,4030.53,3845.91,3935.2,152529.371022
1761350400,3934.74,3969.06,3912.12,3953.94,41624.935731
1761436800,3953.94,4180.82,3918.6,4159.27,118807.670539
1761523200,4159.41,4254.04,4094.0,4120.39,178487.404908
1761609600,4120.39,4175.78,3931.03,3979.72,177772.630244
1761696000,3979.71,4036.98,3838.83,3903.27,196263.968547
1761782400,3903.4,3949.0,3679.0,3804.63,232720.129944
1761868800,3804.81,3906.51,3796.15,3847.89,165512.512667
1761955200,3847.89,3910.0,3830.64,3873.9,54742.007376
1762041600,3873.9,3918.45,3839.0,3906.52,71603.293081
1762128000,3906.48,3914.42,3557.24,3603.75,273500.282012
1762214400,3603.66,3654.38,3056.01,3286.91,520522.311318
1762300800,3286.91,3480.66,3166.45,3424.34,299012.10581
1762387200,3424.35,3456.25,3245.64,3315.43,213605.404692
1762473600,3315.44,3473.0,3194.0,3435.66,239847.678898
1762560000,3435.6,3487.84,3356.04,3401.79,118434.09534
1762646400,3401.8,3623.98,3358.85,3583.51,159305.712144
1762732800,3583.5,3658.66,3506.05,3567.91,162769.225638
1762819200,3568.11,3647.97,3405.14,3418.25,179689.160568
1762905600,3418.26,3588.0,3372.09,3414.91,179700.919375
1762992000,3414.82,3565.64,3154.31,3231.66,338080.772436
1763078400,3231.61,3257.4,3070.32,3112.4,301104.104052
1763164800,3112.56,3231.11,3110.87,3167.99,84664.402606
1763251200,3168.0,3249.1,3003.01,3095.44,184152.642691
1763337600,3095.36,3223.33,2959.76,3031.53,232306.614623
1763424000,3031.54,3170.09,2945.78,3123.67,235971.808373
1763510400,3123.68,3126.72,2872.78,3025.71,228486.147357
1763596800,3025.63,3063.69,2788.2,2834.15,258471.116572
1763683200,2834.04,2886.66,2622.87,2765.94,367748.952825
1763769600,2765.94,2799.61,2704.23,2770.18,81120.032726
1763856000,2770.18,2858.82,2768.19,2802.19,120938.223131
1763942400,2802.09,2986.2,2763.18,2953.32,203456.095833
1764028800,2953.33,2980.0,2856.65,2959.38,143018.095043
1764115200,2959.38,3044.99,2888.02,3026.5,127934.79097
1764201600,3026.5,3071.2,2986.19,3015.39,108605.686571
1764288000,3015.39,3099.0,2993.9,3031.18,133981.918161
1764374400,3031.19,3052.54,2962.0,2989.26,71768.552304
1764460800,2989.3,3052.94,2975.22,2991.59,53546.910445
1764547200,2991.41,2999.75,2719.43,2798.75,237851.489852
1764633600,2798.75,3034.65,2782.15,2996.12,176747.641316
1764720000,2996.14,3218.05,2985.55,3188.22,216101.650932
1764806400,3188.49,3240.74,3066.73,3133.2,184272.597947
1764892800,3133.21,3192.98,2982.62,3021.67,171665.511746
1764979200,3021.84,3069.13,3012.0,3038.09,57458.750806
1765065600,3038.09,3150.0,2908.0,3060.01,152554.314013
1765152000,3060.01,3180.0,3040.98,3124.4,141613.884018
1765238400,3124.58,3398.66,3090.67,3318.3,197283.563114
1765324800,3318.0,3448.0,3288.3,3323.97,188119.72071
1765411200,3323.98,3327.41,3145.01,3237.44,206744.752762
1765497600,3237.45,3265.66,3037.58,3084.59,179257.083979
1765584000,3084.59,3135.36,3078.19,3114.27,68168.703614
1765670400,3114.27,3129.51,3025.0,3063.26,93865.033508
1765756800,3063.25,3177.78,2895.0,2965.15,214867.212029
1765843200,2965.14,2983.11,2878.18,2962.5,200364.668719
1765929600,2962.5,3031.03,2790.64,2834.19,237623.256373
1766016000,2834.19,2997.65,2775.01,2828.45,235135.783245
1766102400,2828.46,3018.79,2808.79,2979.85,212892.688597
1766188800,2979.85,2994.4,2967.2,2978.1,49743.485187
1766275200,2978.15,3013.7,2944.03,3002.07,77863.426536
1766361600,3002.07,3077.98,2963.2,3009.98,139622.53741
1766448000,3009.97,3036.1,2897.6,2964.57,177021.959843
1766534400,2964.9,2978.0,2888.88,2947.48,95722.459155
1766620800,2947.48,2971.34,2891.2,2904.01,67664.932312
1766707200,2904.01,2994.44,2894.75,2928.09,127068.471538
1766793600,2928.1,2961.15,2917.6,2948.65,35260.560474
1766880000,2948.79,2960.68,2925.0,2950.95,43861.877385
1766966400,2951.05,3057.16,2910.74,2938.31,202483.207118
1767052800,2938.31,3009.92,2919.39,2973.74,111000.366926
1767139200,2973.74,3028.57,2957.91,2971.6,78219.123458
1767225600,2971.63,3009.73,2971.36,3004.21,39912.428349
1767312000,3004.22,3150.0,2992.4,3125.44,146012.546284
1767398400,3125.44,3136.56,3075.82,3126.89,54821.958977
1767484800,3126.9,3170.52,3118.2,3144.78,61965.904828
1767571200,3144.71,3265.88,3135.23,3225.0,147080.364732
1767657600,3225.01,3309.05,3181.96,3296.81,132632.094863
1767744000,3296.85,3297.02,3125.27,3168.97,111301.492077
1767830400,3168.97,3184.3,3055.0,3106.6,108774.432911
1767916800,3106.7,3148.2,3058.8,3088.49,85075.727267
1768003200,3088.49,3103.99,3078.79,3086.84,21097.515674
1768089600,3086.85,3147.21,3084.7,3123.62,40979.323656
1768176000,3123.51,3171.62,3066.0,3095.65,124917.09677
1768262400,3095.66,3380.0,3092.02,3325.3,157686.67702
1768348800,3325.29,3403.36,3280.27,3354.75,199650.610269
1768435200,3354.75,3384.76,3274.21,3318.75,154130.438472
1768521600,3318.75,3327.72,3253.44,3296.27,93213.472036
1768608000,3296.26,3330.0,3284.0,3310.59,47562.382695
1768694400,3310.59,3369.0,3279.18,3284.35,62308.318045
1768780800,3284.16,3284.8,3166.0,3189.23,175528.198985
1768867200,3189.2,3200.39,2907.4,2939.91,210741.037593
1768953600,2939.91,3069.5,2866.36,2982.18,232954.451018
1769040000,2982.18,3038.45,2905.4,2952.89,118614.7085
1769126400,2952.89,3019.53,2892.12,2956.25,137151.186462
1769212800,2956.26,2970.13,2943.64,2953.5,36625.726044
1769299200,2953.5,2960.58,2786.34,2817.36,159754.938953
1769385600,2817.37,2951.42,2812.58,2930.0,155456.9669
1769472000,2930.0,3035.0,2900.0,3025.84,113288.477737
1769558400,3025.84,3046.0,2983.06,3010.79,112695.201799
1769644800,3010.69,3013.52,2754.32,2822.58,180565.091107
1769731200,2822.58,2828.93,2636.8,2707.22,268523.490117
1769817600,2707.25,2714.81,2240.2,2452.2,474858.800031
1769904000,2451.95,2476.3,2220.0,2270.47,343146.367042
1769990400,2270.48,2396.78,2156.97,2347.0,451480.472711
1770076800,2346.99,2359.78,2108.0,2233.81,376373.605156
1770163200,2233.81,2295.8,2076.88,2148.11,385748.662612
1770249600,2148.1,2174.62,1816.15,1826.71,712395.605055
1770336000,1826.7,2094.57,1744.0,2063.3,609630.718781
1770422400,2063.41,2125.0,1993.61,2087.31,488458.915204
1770508800,2087.34,2152.46,2066.23,2090.01,160919.791759
1770595200,2090.0,2148.23,2009.0,2104.79,208661.921708
1770681600,2104.9,2124.85,1987.9,2022.84,220727.670098
1770768000,2022.85,2032.55,1902.23,1941.03,252291.725548
1770854400,1941.2,2001.67,1896.4,1947.94,158442.061101
1770940800,1947.99,2072.8,1924.72,2048.91,220483.864802
1771027200,2048.82,2107.95,2042.23,2086.69,89075.833952
1771113600,2086.7,2103.83,1929.39,1966.59,209240.27477
1771200000,1966.59,2023.78,1937.36,1998.32,118509.546022
1771286400,1998.32,2015.89,1941.67,1991.69,132218.832991
1771372800,1991.8,2039.0,1923.44,1956.02,151427.104009
1771459200,1956.06,1987.4,1906.2,1948.75,120696.90423
1771545600,1948.83,1981.57,1923.23,1968.84,138564.743123
1771632000,1968.85,1996.26,1955.62,1973.6,61069.815909
1771718400,1973.56,1983.29,1935.03,1957.97,56087.272151
1771804800,1957.98,1958.4,1837.43,1856.51,283085.676757
1771891200,1856.51,1869.69,1798.16,1851.8,186049.30071
1771977600,1851.88,2150.0,1846.46,2057.5,358461.009482
1772064000,2057.5,2083.62,1975.3,2027.62,179248.903547
1772150400,2027.56,2063.65,1886.48,1929.81,168772.610896
1772236800,1929.81,1985.0,1835.47,1964.3,213910.274957
1772323200,1964.31,2055.0,1907.4,1939.68,216437.241383
1772409600,1939.7,2090.9,1919.71,2027.5,218311.359714
1772496000,2027.5,2041.71,1929.0,1982.82,178470.512958
1772582400,1982.82,2200.0,1945.01,2127.41,314049.513711
1772668800,2127.3,2163.68,2054.35,2072.66,193022.357186
1772755200,2072.66,2093.3,1955.96,1978.89,164615.669007
1772841600,1978.79,1996.0,1947.38,1969.75,75559.859565
1772928000,1969.75,1979.89,1910.0,1936.87,162554.728881
1773014400,1936.87,2054.06,1928.86,1993.32,210337.09884
1773100800,1993.25,2088.69,1991.11,2036.71,206815.964529
1773187200,2036.71,2041.95,2018.03,2024.73,14312.754293
